7,ATR-0355,-,-,-,143.5,04/04/13,Myrmecophaga ,Myrmecophaga tridactyla,Tamandua Bandeira,BR262 -Tres Lagoas,Campo Grande,MS,pele,Etanol,Desbiez A.,Fischer E,,,,,,,,,,,,,,
12,ATR-0356,-,M,-,108.0,04/06/13,Myrmecophaga ,Myrmecophaga tridactyla,Tamandua Bandeira,BR262 -Ponte Rio Paraguai,Campo Grande,MS,pele,Etanol,Desbiez A.,Fischer E,,,,,,,,,,,,,,
29,ATR-0357,-,M,-,11.2,4/20/2013,Myrmecophaga ,Myrmecophaga tridactyla,Tamandua Bandeira,BR262 -Ponte Rio Paraguai,Campo Grande,MS,pele,Etanol,Desbiez A.,Fischer E,,,,,,,,,,,,,,
30,ATR-0358,-,-,-,19.5,4/20/2013,Myrmecophaga ,Myrmecophaga tridactyla,Tamandua Bandeira,BR262 -Ponte Rio Paraguai,Campo Grande,MS,pele,Etanol,Desbiez A.,Fischer E,,,,,,,,,,,,,,
34,ATR-0359,-,-,-,16.2,4/20/2013,Myrmecophaga ,Myrmecophaga tridactyla,Tamandua Bandeira,BR262 -Ponte Rio Paraguai,Campo Grande,MS,pele,Etanol,Desbiez A.,Fischer E,,,,,,,,,,,,,,
50,ATR-0360,-,M,-,11.5,4/30/2013,Myrmecophaga ,Myrmecophaga tridactyla,Tamandua Bandeira,BR163/BR267-Nova Alvorada-Casa Verde,Campo Grande,MS,pele,Etanol,Desbiez A.,Fischer E,,,,,,,,,,,,,,
83,ATR-0361,-,-,,7.0,5/14/2013,Myrmecophaga ,Myrmecophaga tridactyla,Tamandua Bandeira,BR163/BR267-Nova Alvorada-Casa Verde,Campo Grande,MS,pele,Etanol,Desbiez A.,Fischer E,,,,,,,,,,,,,,
99,ATR-0362,-,-,-,91.0,5/18/2013,Myrmecophaga ,Myrmecophaga tridactyla,Tamandua Bandeira,BR262 -Ponte Rio Paraguai,Campo Grande,MS,pele,Etanol,Desbiez A.,Fischer E,,,,,,,,,,,,,,
110,ATR-0363,-,-,-,29.0,5/18/2013,Myrmecophaga ,Myrmecophaga tridactyla,Tamandua Bandeira,BR262 -Ponte Rio Paraguai,Campo Grande,MS,pele,Etanol,Desbiez A.,Fischer E,,,,,,,,,,,,,,
115,ATR-0364,-,-,-,13.8,5/28/2013,Myrmecophaga ,Myrmecophaga tridactyla,Tamandua Bandeira,BR163/BR267-Nova Alvorada-Casa Verde,Campo Grande,MS,pele,Etanol,Desbiez A.,Fischer E,,,,,,,,,,,,,,
121,ATR-0365,-,-,-,13.6,5/30/2013,Myrmecophaga ,Myrmecophaga tridactyla,Tamandua Bandeira,BR262 -Tres Lagoas,Campo Grande,MS,pele,Etanol,Desbiez A.,Fischer E,,,,,,,,,,,,,,
122,ATR-0366,-,-,-,20.5,5/30/2013,Myrmecophaga ,Myrmecophaga tridactyla,Tamandua Bandeira,BR262 -Tres Lagoas,Campo Grande,MS,pele,Etanol,Desbiez A.,Fischer E,,,,,,,,,,,,,,
123,ATR-0367,-,M,-,182.0,5/31/2013,Myrmecophaga ,Myrmecophaga tridactyla,Tamandua Bandeira,BR262 -Ponte Rio Paraguai,Campo Grande,MS,pele,Etanol,Desbiez A.,Fischer E,,,,,,,,,,,,,,
124,ATR-0368,-,M,-,568.0,5/31/2013,Myrmecophaga ,Myrmecophaga tridactyla,Tamandua Bandeira,BR262 -Ponte Rio Paraguai,Campo Grande,MS,pele,Etanol,Desbiez A.,Fischer E,,,,,,,,,,,,,,
135,ATR-0369,-,M,-,9.5,06/11/13,Myrmecophaga ,Myrmecophaga tridactyla,Tamandua Bandeira,BR163/BR267-Nova Alvorada-Batagua√ßu,Campo Grande,MS,pele,Etanol,Desbiez A.,Fischer E,,,,,,,,,,,,,,
136,ATR-0370,-,-,-,12.6,6/13/2013,Myrmecophaga ,Myrmecophaga tridactyla,Tamandua Bandeira,BR262 -Tres Lagoas,Campo Grande,MS,pele,Etanol,Desbiez A.,Fischer E,,,,,,,,,,,,,,
137,ATR-0371,-,F,-,14.7,6/13/2013,Myrmecophaga ,Myrmecophaga tridactyla,Tamandua Bandeira Mae,BR262 -Tres Lagoas,Campo Grande,MS,pele,Etanol,Desbiez A.,Fischer E,,,,,,,,,,,,,,
138,ATR-0372,-,M,-,290.5,6/13/2013,Myrmecophaga ,Myrmecophaga tridactyla,Tamandua Bandeira Filhote ,BR262 -Tres Lagoas,Campo Grande,MS,pele,Etanol,Desbiez A.,Fischer E,,,,,,,,,,,,,,
144,ATR-0373,-,-,-,713.5,6/15/2013,Myrmecophaga ,Myrmecophaga tridactyla,Tamandua Bandeira,BR262 -Ponte Rio Paraguai,Campo Grande,MS,pele,Etanol,Desbiez A.,Fischer E,,,,,,,,,,,,,,
155,ATR-0374,-,-,-,1007.5,6/25/2013,Myrmecophaga ,Myrmecophaga tridactyla,Tamandua Bandeira,BR163/BR267-Nova Alvorada-Nova Andradina,Campo Grande,MS,pele,Etanol,Desbiez A.,Fischer E,,,,,,,,,,,,,,
168,ATR-0375,-,-,-,10.4,07/09/13,Myrmecophaga ,Myrmecophaga tridactyla,Tamandua Bandeira,BR163/BR267-Nova Alvorada-Nova Andradina,Campo Grande,MS,pele,Etanol,Desbiez A.,Fischer E,,,,,,,,,,,,,,
175,ATR-0376,-,-,-,51.5,07/11/13,Myrmecophaga ,Myrmecophaga tridactyla,Tamandua Bandeira,BR262 -Tres Lagoas,Campo Grande,MS,pele,Etanol,Desbiez A.,Fischer E,,,,,,,,,,,,,,
176,ATR-0377,-,M,-,12.1,07/11/13,Myrmecophaga ,Myrmecophaga tridactyla,Tamandua Bandeira,BR262 -Tres Lagoas,Campo Grande,MS,pele,Etanol,Desbiez A.,Fischer E,,,,,,,,,,,,,,
179,ATR-0378,-,M,-,26.0,7/13/2013,Myrmecophaga ,Myrmecophaga tridactyla,Tamandua Bandeira,BR262 -Ponte Rio Paraguai,Campo Grande,MS,pele,Etanol,Desbiez A.,Fischer E,,,,,,,,,,,,,,
182,ATR-0379,-,-,-,39.5,7/13/2013,Myrmecophaga ,Myrmecophaga tridactyla,Tamandua Bandeira,BR262 -Ponte Rio Paraguai,Campo Grande,MS,pele,Etanol,Desbiez A.,Fischer E,,,,,,,,,,,,,,
192,ATR-0380,-,-,-,5.4,7/22/2013,Myrmecophaga ,Myrmecophaga tridactyla,Tamandua Bandeira,BR163/BR267-Nova Alvorada-Nova Andradina,Campo Grande,MS,pele,Etanol,Desbiez A.,Fischer E,,,,,,,,,,,,,,
230,ATR-0381,-,-,-,106.5,8/23/2013,Myrmecophaga ,Myrmecophaga tridactyla,Tamandua Bandeira,BR163/BR267-Nova Alvorada-Nova Andradina,Campo Grande,MS,pele,Etanol,Desbiez A.,Fischer E,,,,,,,,,,,,,,
231,ATR-0382,-,-,-,6.9,8/23/2013,Myrmecophaga ,Myrmecophaga tridactyla,Tamandua Bandeira,BR163/BR267-Nova Alvorada-Nova Andradina,Campo Grande,MS,pele,Etanol,Desbiez A.,Fischer E,,,,,,,,,,,,,,
233,ATR-0383,-,-,-,70.0,8/23/2013,Myrmecophaga ,Myrmecophaga tridactyla,Tamandua Bandeira,BR163/BR267-Nova Alvorada-Nova Andradina,Campo Grande,MS,pele,Etanol,Desbiez A.,Fischer E,,,,,,,,,,,,,,
254,ATR-0384,-,M,-,648.5,09/07/13,Myrmecophaga ,Myrmecophaga tridactyla,Tamandua Bandeira,BR262 -Ponte Rio Paraguai,Campo Grande,MS,pele,Etanol,Desbiez A.,Fischer E,,,,,,,,,,,,,,
257,ATR-0385,-,M,-,359.0,9/20/2013,Myrmecophaga ,Myrmecophaga tridactyla,Tamandua Bandeira,BR262 -Tres Lagoas,Campo Grande,MS,pele,Etanol,Desbiez A.,Fischer E,,,,,,,,,,,,,,
259,ATR-0386,-,M,-,70.0,9/20/2013,Myrmecophaga ,Myrmecophaga tridactyla,Tamandua Bandeira,BR262 -Tres Lagoas,Campo Grande,MS,pele,Etanol,Desbiez A.,Fischer E,,,,,,,,,,,,,,
268,ATR-0387,-,-,-,64.5,10/03/13,Myrmecophaga ,Myrmecophaga tridactyla,Tamandua Bandeira,BR163/BR267-Nova Alvorada-Nova Andradina,Campo Grande,MS,pele,Etanol,Desbiez A.,Fischer E,,,,,,,,,,,,,,
271,ATR-0388,-,M,-,101.0,10/03/13,Myrmecophaga ,Myrmecophaga tridactyla,Tamandua Bandeira,BR163/BR267-Nova Alvorada-Nova Andradina,Campo Grande,MS,pele,Etanol,Desbiez A.,Fischer E,,,,,,,,,,,,,,
278,ATR-0389,-,-,-,203.5,10/05/13,Myrmecophaga ,Myrmecophaga tridactyla,Tamandua Bandeira,BR262 -Ponte Rio Paraguai,Campo Grande,MS,pele,Etanol,Desbiez A.,Fischer E,,,,,,,,,,,,,,
279,ATR-0390,-,M,-,932.5,10/05/13,Myrmecophaga ,Myrmecophaga tridactyla,Tamandua Bandeira,BR262 -Ponte Rio Paraguai,Campo Grande,MS,pele,Etanol,Desbiez A.,Fischer E,,,,,,,,,,,,,,
280,ATR-0391,-,-,-,230.0,10/05/13,Myrmecophaga ,Myrmecophaga tridactyla,Tamandua Bandeira,BR262 -Ponte Rio Paraguai,Campo Grande,MS,pele,Etanol,Desbiez A.,Fischer E,,,,,,,,,,,,,,
281,ATR-0392,-,-,-,89.0,10/17/2013,Myrmecophaga ,Myrmecophaga tridactyla,Tamandua Bandeira,BR163/BR267-Nova Alvorada-Nova Andradina,Campo Grande,MS,pele,Etanol,Desbiez A.,Fischer E,,,,,,,,,,,,,,
287,ATR-0393,-,M,-,330.5,10/18/2013,Myrmecophaga ,Myrmecophaga tridactyla,Tamandua Bandeira,BR262 -Tres Lagoas,Campo Grande,MS,pele,Etanol,Desbiez A.,Fischer E,,,,,,,,,,,,,,
288,ATR-0394,-,M,-,70.0,10/18/2013,Myrmecophaga ,Myrmecophaga tridactyla,Tamandua Bandeira,BR262 -Tres Lagoas,Campo Grande,MS,pele,Etanol,Desbiez A.,Fischer E,,,,,,,,,,,,,,
294,ATR-0395,-,M,-,1620.0,10/19/2013,Myrmecophaga ,Myrmecophaga tridactyla,Tamandua Bandeira,BR262 -Ponte Rio Paraguai,Campo Grande,MS,pele,Etanol,Desbiez A.,Fischer E,,,,,,,,,,,,,,
309,ATR-0396,-,-,-,136.5,02/07/14,Myrmecophaga ,Myrmecophaga tridactyla,Tamandua Bandeira,BR262 -Tres Lagoas,Campo Grande,MS,pele,Etanol,Desbiez A.,Fischer E,,,,,,,,,,,,,,
314,ATR-0397,-,-,-,62.5,11/02/13,Myrmecophaga ,Myrmecophaga tridactyla,Tamandua Bandeira,BR262 -Ponte Rio Paraguai,Campo Grande,MS,pele,Etanol,Desbiez A.,Fischer E,,,,,,,,,,,,,,
324,ATR-0398,-,-,-,80.5,11/14/2013,Myrmecophaga ,Myrmecophaga tridactyla,Tamandua Bandeira,BR163/BR267-Nova Alvorada-Nova Andradina,Campo Grande,MS,pele,Etanol,Desbiez A.,Fischer E,,,,,,,,,,,,,,
330,ATR-0399,-,M,-,56.5,11/14/2013,Myrmecophaga ,Myrmecophaga tridactyla,Tamandua Bandeira,BR163/BR267-Nova Alvorada-Nova Andradina,Campo Grande,MS,pele,Etanol,Desbiez A.,Fischer E,,,,,,,,,,,,,,
332,ATR-0400,-,-,-,38,11/15/2013,Myrmecophaga ,Myrmecophaga tridactyla,Tamandua Bandeira,BR262 -Tres Lagoas,Campo Grande,MS,pele,Etanol,Desbiez A.,Fischer E,,,,,,,,,,,,,,
346,ATR-0401,-,-,-,213,11/29/2013,Myrmecophaga ,Myrmecophaga tridactyla,Tamandua Bandeira,BR262 -Tres Lagoas,Campo Grande,MS,pele,Etanol,Desbiez A.,Fischer E,,,,,,,,,,,,,,
360,ATR-0402,-,-,-,206,11/30/2013,Myrmecophaga ,Myrmecophaga tridactyla,Tamandua Bandeira,BR262 -Ponte Rio Paraguai,Campo Grande,MS,pele,Etanol,Desbiez A.,Fischer E,,,,,,,,,,,,,,
368,ATR-0403,-,-,-,73,12/13/2013,Myrmecophaga ,Myrmecophaga tridactyla,Tamandua Bandeira,BR262 -Tres Lagoas,Campo Grande,MS,pele,Etanol,Desbiez A.,Fischer E,,,,,,,,,,,,,,
372,ATR-0404,-,M,-,796.5,12/14/2013,Myrmecophaga ,Myrmecophaga tridactyla,Tamandua Bandeira,BR262 -Ponte Rio Paraguai,Campo Grande,MS,pele,Etanol,Desbiez A.,Fischer E,,,,,,,,,,,,,,
374,ATR-0405,-,M,-,74.5,12/23/2013,Myrmecophaga ,Myrmecophaga tridactyla,Tamandua Bandeira,BR163/BR267-Nova Alvorada-Nova Andradina,Campo Grande,MS,pele,Etanol,Desbiez A.,Fischer E,,,,,,,,,,,,,,
381,ATR-0406,-,M,-,73.5,12/24/2013,Myrmecophaga ,Myrmecophaga tridactyla,Tamandua Bandeira,BR262 -Tres Lagoas,Campo Grande,MS,pele,Etanol,Desbiez A.,Fischer E,,,,,,,,,,,,,,
383,ATR-0407,-,M,-,264,12/25/2013,Myrmecophaga ,Myrmecophaga tridactyla,Tamandua Bandeira,BR262 -Ponte Rio Paraguai,Campo Grande,MS,pele,Etanol,Desbiez A.,Fischer E,,,,,,,,,,,,,,
395,ATR-0408,-,-,-,86.5,1/23/2014,Myrmecophaga ,Myrmecophaga tridactyla,Tamandua Bandeira,BR163/BR267-Nova Alvorada-Nova Andradina,Campo Grande,MS,pele,Etanol,Desbiez A.,Fischer E,,,,,,,,,,,,,,
397,ATR-0409,-,M,-,340,1/23/2014,Myrmecophaga ,Myrmecophaga tridactyla,Tamandua Bandeira,BR163/BR267-Nova Alvorada-Nova Andradina,Campo Grande,MS,pele,Etanol,Desbiez A.,Fischer E,,,,,,,,,,,,,,
399,ATR-0410,-,M,-,72.5,1/23/2014,Myrmecophaga ,Myrmecophaga tridactyla,Tamandua Bandeira,BR163/BR267-Nova Alvorada-Nova Andradina,Campo Grande,MS,pele,Etanol,Desbiez A.,Fischer E,,,,,,,,,,,,,,
403,ATR-0411,-,M,-,33.5,1/24/2014,Myrmecophaga ,Myrmecophaga tridactyla,Tamandua Bandeira,BR262 -Tres Lagoas,Campo Grande,MS,pele,Etanol,Desbiez A.,Fischer E,,,,,,,,,,,,,,
411,ATR-0412,-,M,-,179.5,02/08/14,Myrmecophaga ,Myrmecophaga tridactyla,Tamandua Bandeira,BR262 -Ponte Rio Paraguai,Campo Grande,MS,pele,Etanol,Desbiez A.,Fischer E,,,,,,,,,,,,,,
412,ATR-0413,-,M,-,221,02/08/14,Myrmecophaga ,Myrmecophaga tridactyla,Tamandua Bandeira,BR262 -Ponte Rio Paraguai,Campo Grande,MS,pele,Etanol,Desbiez A.,Fischer E,,,,,,,,,,,,,,
419,ATR-0414,-,M,-,118,2/20/2014,Myrmecophaga ,Myrmecophaga tridactyla,Tamandua Bandeira,BR163/BR267-Nova Alvorada-Nova Andradina,Campo Grande,MS,pele,Etanol,Desbiez A.,Fischer E,,,,,,,,,,,,,,
425,ATR-0415,-,-,-,131,2/21/2014,Myrmecophaga ,Myrmecophaga tridactyla,Tamandua Bandeira,BR262 -Tres Lagoas,Campo Grande,MS,pele,Etanol,Desbiez A.,Fischer E,,,,,,,,,,,,,,
428,ATR-0416,-,-,-,135,2/22/2014,Myrmecophaga ,Myrmecophaga tridactyla,Tamandua Bandeira,BR262 -Ponte Rio Paraguai,Campo Grande,MS,pele,Etanol,Desbiez A.,Fischer E,,,,,,,,,,,,,,
431,ATR-0417,-,-,-,590.5,2/22/2014,Myrmecophaga ,Myrmecophaga tridactyla,Tamandua Bandeira,BR262 -Ponte Rio Paraguai,Campo Grande,MS,pele,Etanol,Desbiez A.,Fischer E,,,,,,,,,,,,,,
264,ATR-0418,-,M,-,394,9/21/2013,Myrmecophaga ,Myrmecophaga tridactyla,Tamandua Bandeira,BR262 -Ponte Rio Paraguai,Campo Grande,MS,pele,Etanol,Desbiez A.,Fischer E,,,,,,,,,,,,,,
4,ATR-0419,-,M,-,163,04/02/13,Tamandua ,Tamandua tetradactyla,Tamandua Mirim,BR163/BR267-Nova Alvorada-Casa Verde,Campo Grande,MS,pele,Etanol,Desbiez A.,Fischer E,,,,,,,,,,,,,,
6,ATR-0420,-,-,-,35.5,04/04/13,Tamandua ,Tamandua tetradactyla,Tamandua Mirim,BR262 -Tres Lagoas,Campo Grande,MS,pele,Etanol,Desbiez A.,Fischer E,,,,,,,,,,,,,,
14,ATR-0421,-,-,-,90.5,04/06/13,Tamandua ,Tamandua tetradactyla,Tamandua Mirim,BR262 -Ponte Rio Paraguai,Campo Grande,MS,pele,Etanol,Desbiez A.,Fischer E,,,,,,,,,,,,,,
26,ATR-0422,-,M,-,216,4/18/2013,Tamandua ,Tamandua tetradactyla,Tamandua Mirim,BR262 -Tres Lagoas,Campo Grande,MS,pele,Etanol,Desbiez A.,Fischer E,,,,,,,,,,,,,,
42,ATR-0423,-,-,-,49.5,4/20/2013,Tamandua ,Tamandua tetradactyla,Tamandua Mirim,BR262 -Ponte Rio Paraguai,Campo Grande,MS,pele,Etanol,Desbiez A.,Fischer E,,,,,,,,,,,,,,
46,ATR-0424,-,-,-,35,4/20/2013,Tamandua ,Tamandua tetradactyla,Tamandua Mirim,BR262 -Ponte Rio Paraguai,Campo Grande,MS,pele,Etanol,Desbiez A.,Fischer E,,,,,,,,,,,,,,
49,ATR-0425,-,-,-,209,4/30/2013,Tamandua ,Tamandua tetradactyla,Tamandua Mirim,BR163/BR267-Nova Alvorada-Casa Verde,Campo Grande,MS,pele,Etanol,Desbiez A.,Fischer E,,,,,,,,,,,,,,
55,ATR-0426,-,-,-,254,4/30/2013,Tamandua ,Tamandua tetradactyla,Tamandua Mirim,BR163/BR267-Nova Alvorada-Casa Verde,Campo Grande,MS,pele,Etanol,Desbiez A.,Fischer E,,,,,,,,,,,,,,
57,ATR-0427,-,M,-,731.5,05/03/13,Tamandua ,Tamandua tetradactyla,Tamandua Mirim,BR262 -Tres Lagoas,Campo Grande,MS,pele,Etanol,Desbiez A.,Fischer E,,,,,,,,,,,,,,
59,ATR-0428,-,M,-,793,05/03/13,Tamandua ,Tamandua tetradactyla,Tamandua Mirim,BR262 -Tres Lagoas,Campo Grande,MS,pele,Etanol,Desbiez A.,Fischer E,,,,,,,,,,,,,,
68,ATR-0429,-,M,-,402,05/04/13,Tamandua ,Tamandua tetradactyla,Tamandua Mirim,BR262 -Ponte Rio Paraguai,Campo Grande,MS,pele,Etanol,Desbiez A.,Fischer E,,,,,,,,,,,,,,
69,ATR-0430,-,M,-,292.5,05/04/13,Tamandua ,Tamandua tetradactyla,Tamandua Mirim,BR262 -Ponte Rio Paraguai,Campo Grande,MS,pele,Etanol,Desbiez A.,Fischer E,,,,,,,,,,,,,,
71,ATR-0431,-,-,-,722.5,05/04/13,Tamandua ,Tamandua tetradactyla,Tamandua Mirim,BR262 -Ponte Rio Paraguai,Campo Grande,MS,pele,Etanol,Desbiez A.,Fischer E,,,,,,,,,,,,,,
74,ATR-0432,-,-,-,196,05/04/13,Tamandua ,Tamandua tetradactyla,Tamandua Mirim,BR262 -Ponte Rio Paraguai,Campo Grande,MS,pele,Etanol,Desbiez A.,Fischer E,,,,,,,,,,,,,,
82,ATR-0433,-,-,-,765,5/14/2013,Tamandua ,Tamandua tetradactyla,Tamandua Mirim,BR163/BR267-Nova Alvorada-Casa Verde,Campo Grande,MS,pele,Etanol,Desbiez A.,Fischer E,,,,,,,,,,,,,,
97,ATR-0434,-,M,-,111.5,5/16/2013,Tamandua ,Tamandua tetradactyla,Tamandua Mirim,BR262 -Tres Lagoas,Campo Grande,MS,pele,Etanol,Desbiez A.,Fischer E,,,,,,,,,,,,,,
98,ATR-0435,-,M,-,180.5,5/18/2013,Tamandua ,Tamandua tetradactyla,Tamandua Mirim,BR262 -Ponte Rio Paraguai,Campo Grande,MS,pele,Etanol,Desbiez A.,Fischer E,,,,,,,,,,,,,,
116,ATR-0436,-,M,-,109.5,5/28/2013,Tamandua ,Tamandua tetradactyla,Tamandua Mirim,BR163/BR267-Nova Alvorada-Casa Verde,Campo Grande,MS,pele,Etanol,Desbiez A.,Fischer E,,,,,,,,,,,,,,
117,ATR-0437,-,-,-,995.5,5/28/2013,Tamandua ,Tamandua tetradactyla,Tamandua Mirim,BR163/BR267-Nova Alvorada-Casa Verde,Campo Grande,MS,pele,Etanol,Desbiez A.,Fischer E,,,,,,,,,,,,,,
139,ATR-0438,-,-,-,735,6/13/2013,Tamandua ,Tamandua tetradactyla,Tamandua Mirim,BR262 -Tres Lagoas,Campo Grande,MS,pele,Etanol,Desbiez A.,Fischer E,,,,,,,,,,,,,,
140,ATR-0439,-,-,-,240,6/13/2013,Tamandua ,Tamandua tetradactyla,Tamandua Mirim,BR262 -Tres Lagoas,Campo Grande,MS,pele,Etanol,Desbiez A.,Fischer E,,,,,,,,,,,,,,
147,ATR-0440,-,M,-,359,6/15/2013,Tamandua ,Tamandua tetradactyla,Tamandua Mirim,BR262 -Ponte Rio Paraguai,Campo Grande,MS,pele,Etanol,Desbiez A.,Fischer E,,,,,,,,,,,,,,
148,ATR-0441,-,-,-,130.5,6/15/2013,Tamandua ,Tamandua tetradactyla,Tamandua Mirim,BR262 -Ponte Rio Paraguai,Campo Grande,MS,pele,Etanol,Desbiez A.,Fischer E,,,,,,,,,,,,,,
152,ATR-0442,-,-,-,492,6/15/2013,Tamandua ,Tamandua tetradactyla,Tamandua Mirim,BR262 -Ponte Rio Paraguai,Campo Grande,MS,pele,Etanol,Desbiez A.,Fischer E,,,,,,,,,,,,,,
158,ATR-0443,-,-,-,515.5,6/29/2013,Tamandua ,Tamandua tetradactyla,Tamandua Mirim,BR262 -Ponte Rio Paraguai,Campo Grande,MS,pele,Etanol,Desbiez A.,Fischer E,,,,,,,,,,,,,,
165,ATR-0444,-,-,-,152.5,07/09/13,Tamandua ,Tamandua tetradactyla,Tamandua Mirim,BR163/BR267-Nova Alvorada-Nova Andradina,Campo Grande,MS,pele,Etanol,Desbiez A.,Fischer E,,,,,,,,,,,,,,
185,ATR-0445,-,-,-,920.5,7/13/2013,Tamandua ,Tamandua tetradactyla,Tamandua Mirim,BR262 -Ponte Rio Paraguai,Campo Grande,MS,pele,Etanol,Desbiez A.,Fischer E,,,,,,,,,,,,,,
187,ATR-0446,-,-,-,564.5,7/13/2013,Tamandua ,Tamandua tetradactyla,Tamandua Mirim,BR262 -Ponte Rio Paraguai,Campo Grande,MS,pele,Etanol,Desbiez A.,Fischer E,,,,,,,,,,,,,,
190,ATR-0447,-,-,-,449.5,7/22/2013,Tamandua ,Tamandua tetradactyla,Tamandua Mirim,BR163/BR267-Nova Alvorada-Nova Andradina,Campo Grande,MS,pele,Etanol,Desbiez A.,Fischer E,,,,,,,,,,,,,,
196,ATR-0448,-,-,-,128,7/27/2013,Tamandua ,Tamandua tetradactyla,Tamandua Mirim,BR262 -Ponte Rio Paraguai,Campo Grande,MS,pele,Etanol,Desbiez A.,Fischer E,,,,,,,,,,,,,,
199,ATR-0449,-,-,-,379.5,08/08/13,Tamandua ,Tamandua tetradactyla,Tamandua Mirim,BR262 -Tres Lagoas,Campo Grande,MS,pele,Etanol,Desbiez A.,Fischer E,,,,,,,,,,,,,,
212,ATR-0450,-,M,-,277.5,08/10/13,Tamandua ,Tamandua tetradactyla,Tamandua Mirim,BR262 -Ponte Rio Paraguai,Campo Grande,MS,pele,Etanol,Desbiez A.,Fischer E,,,,,,,,,,,,,,
214,ATR-0451,-,M,-,489.5,08/10/13,Tamandua ,Tamandua tetradactyla,Tamandua Mirim,BR262 -Ponte Rio Paraguai,Campo Grande,MS,pele,Etanol,Desbiez A.,Fischer E,,,,,,,,,,,,,,
223,ATR-0452,-,-,-,293.5,8/23/2013,Tamandua ,Tamandua tetradactyla,Tamandua Mirim,BR163/BR267-Nova Alvorada-Nova Andradina,Campo Grande,MS,pele,Etanol,Desbiez A.,Fischer E,,,,,,,,,,,,,,
236,ATR-0453,-,M,-,424,8/24/2013,Tamandua ,Tamandua tetradactyla,Tamandua Mirim,BR262 -Ponte Rio Paraguai,Campo Grande,MS,pele,Etanol,Desbiez A.,Fischer E,,,,,,,,,,,,,,
238,ATR-0454,-,M,-,352,8/24/2013,Tamandua ,Tamandua tetradactyla,Tamandua Mirim,BR262 -Ponte Rio Paraguai,Campo Grande,MS,pele,Etanol,Desbiez A.,Fischer E,,,,,,,,,,,,,,
239,ATR-0455,-,M,-,837,8/24/2013,Tamandua ,Tamandua tetradactyla,Tamandua Mirim,BR262 -Ponte Rio Paraguai,Campo Grande,MS,pele,Etanol,Desbiez A.,Fischer E,,,,,,,,,,,,,,
249,ATR-0456,-,M,-,747.5,09/07/13,Tamandua ,Tamandua tetradactyla,Tamandua Mirim,BR262 -Ponte Rio Paraguai,Campo Grande,MS,pele,Etanol,Desbiez A.,Fischer E,,,,,,,,,,,,,,
250,ATR-0457,-,M,-,537.5,09/07/13,Tamandua ,Tamandua tetradactyla,Tamandua Mirim,BR262 -Ponte Rio Paraguai,Campo Grande,MS,pele,Etanol,Desbiez A.,Fischer E,,,,,,,,,,,,,,
252,ATR-0458,-,-,-,25.5,09/07/13,Tamandua ,Tamandua tetradactyla,Tamandua Mirim,BR262 -Ponte Rio Paraguai,Campo Grande,MS,pele,Etanol,Desbiez A.,Fischer E,,,,,,,,,,,,,,
256,ATR-0459,-,-,-,1149,9/20/2013,Tamandua ,Tamandua tetradactyla,Tamandua Mirim,BR262 -Tres Lagoas,Campo Grande,MS,pele,Etanol,Desbiez A.,Fischer E,,,,,,,,,,,,,,
275,ATR-0460,-,-,-,273.5,10/05/13,Tamandua ,Tamandua tetradactyla,Tamandua Mirim,BR262 -Ponte Rio Paraguai,Campo Grande,MS,pele,Etanol,Desbiez A.,Fischer E,,,,,,,,,,,,,,
277,ATR-0461,-,-,-,499.5,10/05/13,Tamandua ,Tamandua tetradactyla,Tamandua Mirim,BR262 -Ponte Rio Paraguai,Campo Grande,MS,pele,Etanol,Desbiez A.,Fischer E,,,,,,,,,,,,,,
285,ATR-0462,-,M,-,849,10/18/2013,Tamandua ,Tamandua tetradactyla,Tamandua Mirim,BR262 -Tres Lagoas,Campo Grande,MS,pele,Etanol,Desbiez A.,Fischer E,,,,,,,,,,,,,,
310,ATR-0463,-,-,-,714,11/02/13,Tamandua ,Tamandua tetradactyla,Tamandua Mirim,BR262 -Ponte Rio Paraguai,Campo Grande,MS,pele,Etanol,Desbiez A.,Fischer E,,,,,,,,,,,,,,
315,ATR-0464,-,-,-,13.2,11/02/13,Tamandua ,Tamandua tetradactyla,Tamandua Mirim,BR262 -Ponte Rio Paraguai,Campo Grande,MS,pele,Etanol,Desbiez A.,Fischer E,,,,,,,,,,,,,,
320,ATR-0465,-,M,-,516,11/02/13,Tamandua ,Tamandua tetradactyla,Tamandua Mirim,BR262 -Ponte Rio Paraguai,Campo Grande,MS,pele,Etanol,Desbiez A.,Fischer E,,,,,,,,,,,,,,
341,ATR-0466,-,M,-,335,11/16/2013,Tamandua ,Tamandua tetradactyla,Tamandua Mirim,BR262 -Ponte Rio Paraguai,Campo Grande,MS,pele,Etanol,Desbiez A.,Fischer E,,,,,,,,,,,,,,
342,ATR-0467,-,M,-,422,11/16/2013,Tamandua ,Tamandua tetradactyla,Tamandua Mirim,BR262 -Ponte Rio Paraguai,Campo Grande,MS,pele,Etanol,Desbiez A.,Fischer E,,,,,,,,,,,,,,
354,ATR-0468,-,-,-,478,11/30/2013,Tamandua ,Tamandua tetradactyla,Tamandua Mirim,BR262 -Ponte Rio Paraguai,Campo Grande,MS,pele,Etanol,Desbiez A.,Fischer E,,,,,,,,,,,,,,
359,ATR-0469,-,M,-,104.5,11/30/2013,Tamandua ,Tamandua tetradactyla,Tamandua Mirim,BR262 -Ponte Rio Paraguai,Campo Grande,MS,pele,Etanol,Desbiez A.,Fischer E,,,,,,,,,,,,,,
RK003,ATR-0470,-,-,-,112.5,1/24/2017,Myrmecophaga ,Myrmecophaga tridactyla,Tamandua Bandeira,,Campo Grande,MS,pele,Etanol,Desbiez A.,Barragen C,,,,,,,,,,,,,,
RK004,ATR-0471,-,-,-,,,1/24/2017,Myrmecophaga ,Myrmecophaga tridactyla,Tamandua Bandeira,Campo Grande,MS,pele,Etanol,Desbiez A.,Barragen C,,,,,,,,,,,,,,
RK005,ATR-0472,NEC01,M,F,907,,1/24/2017,Myrmecophaga ,Myrmecophaga tridactyla,Tamandua Bandeira,Campo Grande,MS,pele,Etanol,Desbiez A.,Barragen C,,,,,,,,,,,,,,
RK006,ATR-0473,-,-,-,EID,599.5,1/24/2017,Myrmecophaga ,Myrmecophaga tridactyla,Tamandua Bandeira,Campo Grande,MS,pele,Etanol,Desbiez A.,Barragen C,,,,,,,,,,,,,,
RK007,ATR-0474,-,-,-,V,1/25/2017,Myrmecophaga ,Myrmecophaga tridactyla,Tamandua Bandeira,,Campo Grande,MS,pele,Etanol,Desbiez A.,Barragen C,,,,,,,,,,,,,,
RK008,ATR-0475,-,-,-,MV,244.5,1/25/2017,Myrmecophaga ,Myrmecophaga tridactyla,Tamandua Bandeira,,Campo Grande,MS,pele,Etanol,Desbiez A.,Barragen C,,,,,,,,,,,,,
RK009,ATR-0476,-,-,M,EID,392,,1/27/2017,Myrmecophaga ,Myrmecophaga tridactyla,Tamandua Bandeira,,Campo Grande,MS,pele,Etanol,Desbiez A.,Barragen C,,,,,,,,,,,,
RK010,ATR-0477,NEC02,M,F,,,1/27/2017,Myrmecophaga ,Myrmecophaga tridactyla,Tamandua Bandeira,,Campo Grande,MS,pele,Etanol,Desbiez A.,Barragen C,,,,,,,,,,,,,
RK011,ATR-0478,NEC03,M,F,928.0,2/3/2017,Myrmecophaga ,Myrmecophaga tridactyla,Tamandua Bandeira,,Campo Grande,MS,pele,Etanol,Desbiez A.,Barragen C,,,,,,,,,,,,,,
RK012,ATR-0479,-,,-,EID,329.0,02/03/17,Myrmecophaga ,Myrmecophaga tridactyla,Tamandua Bandeira,,Campo Grande,MS,pele,Etanol,Desbiez A.,Barragen C,,,,,,,,,,,,,
RK014,ATR-0480,-,,-,MV,3.2,,02/06/17,Myrmecophaga ,Myrmecophaga tridactyla,Tamandua Bandeira,,Campo Grande,MS,pele,Etanol,Desbiez A.,Barragen C,,,,,,,,,,,,
RK015,ATR-0481,-,,-,MV,271.5,02/06/17,Myrmecophaga ,Myrmecophaga tridactyla,Tamandua Bandeira,,Campo Grande,MS,pele,Etanol,Desbiez A.,Barragen C,,,,,,,,,,,,,
RK020,ATR-0482,-,,-,MV,246.5,02/06/17,Myrmecophaga ,Myrmecophaga tridactyla,Tamandua Bandeira,,Campo Grande,MS,pele,Etanol,Desbiez A.,Barragen C,,,,,,,,,,,,,
RK024,ATR-0483,-,,-,MV,311.5,02/07/17,Myrmecophaga ,Myrmecophaga tridactyla,Tamandua Bandeira,,Campo Grande,MS,pele,Etanol,Desbiez A.,Barragen C,,,,,,,,,,,,,
RK025,ATR-0484,-,,-,MV,937.0,02/07/17,Myrmecophaga ,Myrmecophaga tridactyla,Tamandua Bandeira,,Campo Grande,MS,pele,Etanol,Desbiez A.,Barragen C,,,,,,,,,,,,,
RK033,ATR-0485,-,,-,EID,1900.0,02/07/17,Myrmecophaga ,Myrmecophaga tridactyla,Tamandua Bandeira,,Campo Grande,MS,pele,Etanol,Desbiez A.,Barragen C,,,,,,,,,,,,,
RK037,ATR-0486,-,,-,EAD,207.0,02/07/17,Myrmecophaga ,Myrmecophaga tridactyla,Tamandua Bandeira,,Campo Grande,MS,pele,Etanol,Desbiez A.,Barragen C,,,,,,,,,,,,,
RK040,ATR-0487,-,,-,V,172.0,02/07/17,Myrmecophaga ,Myrmecophaga tridactyla,Tamandua Bandeira,,Campo Grande,MS,pele,Etanol,Desbiez A.,Barragen C,,,,,,,,,,,,,
RK042,ATR-0488,-,,-,V,88.0,02/08/17,Myrmecophaga ,Myrmecophaga tridactyla,Tamandua Bandeira,,Campo Grande,MS,pele,Etanol,Desbiez A.,Barragen C,,,,,,,,,,,,,
RK043,ATR-0489,NEC04,-,EID,1302.0,2/14/2017,Myrmecophaga ,Myrmecophaga tridactyla,Tamandua Bandeira,,Campo Grande,MS,pele,Etanol,Desbiez A.,Barragen C,,,,,,,,,,,,,,
RK044,ATR-0490,-,,-,EID,,-,,2/19/2017,Myrmecophaga ,Myrmecophaga tridactyla,Tamandua Bandeira,,Campo Grande,MS,pele,Etanol,Desbiez A.,Barragen C,,,,,,,,,,,
RK045,ATR-0491,-,,M,EID,,520.5,1/24/2017,Myrmecophaga ,Myrmecophaga tridactyla,Tamandua Bandeira,,Campo Grande,MS,pele,Etanol,Desbiez A.,Barragen C,,,,,,,,,,,,
RK046,ATR-0492,-,,-,V,,197.5,2/20/2017,Myrmecophaga ,Myrmecophaga tridactyla,Tamandua Bandeira,,Campo Grande,MS,pele,Etanol,Desbiez A.,Barragen C,,,,,,,,,,,,
RK051,ATR-0493,-,,-,V,,486.0,2/21/2017,Myrmecophaga ,Myrmecophaga tridactyla,Tamandua Bandeira,,Campo Grande,MS,pele,Etanol,Desbiez A.,Barragen C,,,,,,,,,,,,
RK052,ATR-0494,-,,-,V,,388.0,2/21/2017,Myrmecophaga ,Myrmecophaga tridactyla,Tamandua Bandeira,,Campo Grande,MS,pele,Etanol,Desbiez A.,Barragen C,,,,,,,,,,,,
RK059,ATR-0495,NEC05,F,F,,2182.0,2/22/2017,Myrmecophaga ,Myrmecophaga tridactyla,Tamandua Bandeira,,Campo Grande,MS,pele,Etanol,Desbiez A.,Barragen C,,,,,,,,,,,,,
RK066,ATR-0496,-,,M,EID,,1462.0,2/27/2017,Myrmecophaga ,Myrmecophaga tridactyla,Tamandua Bandeira,,Campo Grande,MS,pele,Etanol,Desbiez A.,Barragen C,,,,,,,,,,,,
RK087,ATR-0497,NEC06,M,EID,,145.5,2/27/2017,Myrmecophaga ,Myrmecophaga tridactyla,Tamandua Bandeira,,Campo Grande,MS,pele,Etanol,Desbiez A.,Barragen C,,,,,,,,,,,,,
RK108,ATR-0498,-,,-,EAD,,266.5,03/08/17,Myrmecophaga ,Myrmecophaga tridactyla,Tamandua Bandeira,,Campo Grande,MS,pele,Etanol,Desbiez A.,Barragen C,,,,,,,,,,,,
RK110,ATR-0499,-,,-,EAD,,222.5,03/08/17,Myrmecophaga ,Myrmecophaga tridactyla,Tamandua Bandeira,,Campo Grande,MS,pele,Etanol,Desbiez A.,Barragen C,,,,,,,,,,,,
RK113,ATR-0500,NEC10,F,F,,7.0,,03/11/17,Myrmecophaga ,Myrmecophaga tridactyla,Tamandua Bandeira,,Campo Grande,MS,pele,Etanol,Desbiez A.,Barragen C,,,,,,,,,,,,
RK128,ATR-0501,NEC07,M,F,,1688.0,3/13/2017,Myrmecophaga ,Myrmecophaga tridactyla,Tamandua Bandeira,,Campo Grande,MS,pele,Etanol,Desbiez A.,Barragen C,,,,,,,,,,,,,
RK135,ATR-0502,-,,M,EAD,,2126.0,3/14/2017,Myrmecophaga ,Myrmecophaga tridactyla,Tamandua Bandeira,,Campo Grande,MS,pele,Etanol,Desbiez A.,Barragen C,,,,,,,,,,,,
RK139,ATR-0503,-,,-,V,,959.0,3/14/2017,Myrmecophaga ,Myrmecophaga tridactyla,Tamandua Bandeira,,Campo Grande,MS,pele,Etanol,Desbiez A.,Barragen C,,,,,,,,,,,,
RK141,ATR-0504,NEC08,M,F,,373.0,3/15/2017,Myrmecophaga ,Myrmecophaga tridactyla,Tamandua Bandeira,,Campo Grande,MS,pele,Etanol,Desbiez A.,Barragen C,,,,,,,,,,,,,
RK142,ATR-0505,-,,-,EID,,1179.0,3/16/2017,Myrmecophaga ,Myrmecophaga tridactyla,Tamandua Bandeira,,Campo Grande,MS,pele,Etanol,Desbiez A.,Barragen C,,,,,,,,,,,,
RK143,ATR-0506,-,,-,EAD,,862.5,3/20/2017,Myrmecophaga ,Myrmecophaga tridactyla,Tamandua Bandeira,,Campo Grande,MS,pele,Etanol,Desbiez A.,Barragen C,,,,,,,,,,,,
RK145,ATR-0507,NEC12,F,F,,533.5,3/21/2017,Myrmecophaga ,Myrmecophaga tridactyla,Tamandua Bandeira,,Campo Grande,MS,pele,Etanol,Desbiez A.,Barragen C,,,,,,,,,,,,,
RK146,ATR-0508,-,,-,EAD,,280.0,3/21/2017,Myrmecophaga ,Myrmecophaga tridactyla,Tamandua Bandeira,,Campo Grande,MS,pele,Etanol,Desbiez A.,Barragen C,,,,,,,,,,,,
RK148,ATR-0509,-,,F,F,,893.0,3/22/2017,Myrmecophaga ,Myrmecophaga tridactyla,Tamandua Bandeira,,Campo Grande,MS,pele,Etanol,Desbiez A.,Barragen C,,,,,,,,,,,,
RK149,ATR-0510,-,,-,F,,758.5,3/22/2017,Myrmecophaga ,Myrmecophaga tridactyla,Tamandua Bandeira,,Campo Grande,MS,pele,Etanol,Desbiez A.,Barragen C,,,,,,,,,,,,
RK156,ATR-0511,-,,-,EID,,1127.0,3/27/2017,Myrmecophaga ,Myrmecophaga tridactyla,Tamandua Bandeira,,Campo Grande,MS,pele,Etanol,Desbiez A.,Barragen C,,,,,,,,,,,,
RK163,ATR-0512,-,,-,V,,263.5,3/29/2017,Myrmecophaga ,Myrmecophaga tridactyla,Tamandua Bandeira,,Campo Grande,MS,pele,Etanol,Desbiez A.,Barragen C,,,,,,,,,,,,
RK165,ATR-0513,-,,F,V,,601.5,3/29/2017,Myrmecophaga ,Myrmecophaga tridactyla,Tamandua Bandeira,,Campo Grande,MS,pele,Etanol,Desbiez A.,Barragen C,,,,,,,,,,,,
RK166,ATR-0514,-,,-,MV,,713.0,3/29/2017,Myrmecophaga ,Myrmecophaga tridactyla,Tamandua Bandeira,,Campo Grande,MS,pele,Etanol,Desbiez A.,Barragen C,,,,,,,,,,,,
RK019,ATR-0515,-,,-,V,,323.0,02/06/17,Tamandua ,Tamandua tetradactyla,Tamandua Mirim,,Campo Grande,MS,pele,Etanol,Desbiez A.,Barragen C,,,,,,,,,,,,
RK038,ATR-0516,-,,-,MV,,143.5,02/07/17,Tamandua ,Tamandua tetradactyla,Tamandua Mirim,,Campo Grande,MS,pele,Etanol,Desbiez A.,Barragen C,,,,,,,,,,,,
RK065,ATR-0517,-,,-,EAD,,1743.0,2/27/2017,Tamandua ,Tamandua tetradactyla,Tamandua Mirim,,Campo Grande,MS,pele,Etanol,Desbiez A.,Barragen C,,,,,,,,,,,,
RK069,ATR-0518,-,,-,MV,,1998.0,2/27/2017,Tamandua ,Tamandua tetradactyla,Tamandua Mirim,,Campo Grande,MS,pele,Etanol,Desbiez A.,Barragen C,,,,,,,,,,,,
RK072,ATR-0519,-,,-,V,,440.5,2/27/2017,Tamandua ,Tamandua tetradactyla,Tamandua Mirim,,Campo Grande,MS,pele,Etanol,Desbiez A.,Barragen C,,,,,,,,,,,,
RK074,ATR-0520,-,,-,EAD,,653.5,2/27/2017,Tamandua ,Tamandua tetradactyla,Tamandua Mirim,,Campo Grande,MS,pele,Etanol,Desbiez A.,Barragen C,,,,,,,,,,,,
RK076,ATR-0521,-,,-,V,,754,,2/27/2017,Tamandua ,Tamandua tetradactyla,Tamandua Mirim,,Campo Grande,MS,pele,Etanol,Desbiez A.,Barragen C,,,,,,,,,,,
RK078,ATR-0522,-,,-,MV,,1738,2/27/2017,Tamandua ,Tamandua tetradactyla,Tamandua Mirim,,Campo Grande,MS,pele,Etanol,Desbiez A.,Barragen C,,,,,,,,,,,,
RK080,ATR-0523,-,,-,EID,,742,,2/27/2017,Tamandua ,Tamandua tetradactyla,Tamandua Mirim,,Campo Grande,MS,pele,Etanol,Desbiez A.,Barragen C,,,,,,,,,,,
RK081,ATR-0524,-,,-,V,,777.5,2/27/2017,Tamandua ,Tamandua tetradactyla,Tamandua Mirim,,Campo Grande,MS,pele,Etanol,Desbiez A.,Barragen C,,,,,,,,,,,,
RK082,ATR-0525,-,,-,MV,,252.5,2/27/2017,Tamandua ,Tamandua tetradactyla,Tamandua Mirim,,Campo Grande,MS,pele,Etanol,Desbiez A.,Barragen C,,,,,,,,,,,,
RK093,ATR-0526,-,,F,EAD,,177,,03/06/17,Tamandua ,Tamandua tetradactyla,Tamandua Mirim,,Campo Grande,MS,pele,Etanol,Desbiez A.,Barragen C,,,,,,,,,,,
RK095,ATR-0527,-,,-,EAD,,250,,03/06/17,Tamandua ,Tamandua tetradactyla,Tamandua Mirim,,Campo Grande,MS,pele,Etanol,Desbiez A.,Barragen C,,,,,,,,,,,
RK112,ATR-0528,-,,F,F,,603.5,03/08/17,Tamandua ,Tamandua tetradactyla,Tamandua Mirim,,Campo Grande,MS,pele,Etanol,Desbiez A.,Barragen C,,,,,,,,,,,,
RK123,ATR-0529,-,,-,EAD,,1211,3/13/2017,Tamandua ,Tamandua tetradactyla,Tamandua Mirim,,Campo Grande,MS,pele,Etanol,Desbiez A.,Barragen C,,,,,,,,,,,,
RK124,ATR-0530,-,,-,V,,107.5,3/13/2017,Tamandua ,Tamandua tetradactyla,Tamandua Mirim,,Campo Grande,MS,pele,Etanol,Desbiez A.,Barragen C,,,,,,,,,,,,
RK130,ATR-0531,-,,-,EAD,,173,,3/14/2017,Tamandua ,Tamandua tetradactyla,Tamandua Mirim,,Campo Grande,MS,pele,Etanol,Desbiez A.,Barragen C,,,,,,,,,,,
RK136,ATR-0532,-,,-,V,,51.5,3/14/2017,Tamandua ,Tamandua tetradactyla,Tamandua Mirim,,Campo Grande,MS,pele,Etanol,Desbiez A.,Barragen C,,,,,,,,,,,,
RK137,ATR-0533,-,,-,V,,10.5,3/14/2017,Tamandua ,Tamandua tetradactyla,Tamandua Mirim,,Campo Grande,MS,pele,Etanol,Desbiez A.,Barragen C,,,,,,,,,,,,
RK158,ATR-0534,-,,-,V,,196.5,3/28/2017,Tamandua ,Tamandua tetradactyla,Tamandua Mirim,,Campo Grande,MS,pele,Etanol,Desbiez A.,Barragen C,,,,,,,,,,,,
RK159,ATR-0535,-,,F,F,,639,,3/28/2017,Tamandua ,Tamandua tetradactyla,Tamandua Mirim,,Campo Grande,MS,pele,Etanol,Desbiez A.,Barragen C,,,,,,,,,,,
RK162,ATR-0536,-,,M,F,,1362,3/29/2017,Tamandua ,Tamandua tetradactyla,Tamandua Mirim,,Campo Grande,MS,pele,Etanol,Desbiez A.,Barragen C,,,,,,,,,,,,
TB01-CE,ATR-0537,-,,F,Biopsia de orelha,-,,05/06/17,Myrmecophaga ,Myrmecophaga tridactyla,Tamandua Bandeira,,Campo Grande,MS,pele,Etanol,Desbiez A.,Barragen C,,,,,,,,,,,,
TB02-CE,ATR-0538,-,,F,Biopsia de orelha,140.5,05/07/17,Myrmecophaga ,Myrmecophaga tridactyla,Tamandua Bandeira,,Campo Grande,MS,pele,Etanol,Desbiez A.,Barragen C,,,,,,,,,,,,,
TB03-CE,ATR-0539,-,,M,Biopsia de orelha,554,,05/08/17,Myrmecophaga ,Myrmecophaga tridactyla,Tamandua Bandeira,,Campo Grande,MS,pele,Etanol,Desbiez A.,Barragen C,,,,,,,,,,,,
TB04-CE,ATR-0540,-,,M,Biopsia de orelha,383.5,05/09/17,Myrmecophaga ,Myrmecophaga tridactyla,Tamandua Bandeira,,Campo Grande,MS,pele,Etanol,Desbiez A.,Barragen C,,,,,,,,,,,,,
TB05-CE,ATR-0541,-,,F,Biopsia de orelha,372,,5/14/2017,Myrmecophaga ,Myrmecophaga tridactyla,Tamandua Bandeira,,Campo Grande,MS,pele,Etanol,Desbiez A.,Barragen C,,,,,,,,,,,,
TB06-CE,ATR-0542,-,,M,Biopsia de orelha,512,,5/16/2017,Myrmecophaga ,Myrmecophaga tridactyla,Tamandua Bandeira,,Campo Grande,MS,pele,Etanol,Desbiez A.,Barragen C,,,,,,,,,,,,
TB07-CE,ATR-0543,-,,M,Biopsia de orelha,417,,5/16/2017,Myrmecophaga ,Myrmecophaga tridactyla,Tamandua Bandeira,,Campo Grande,MS,pele,Etanol,Desbiez A.,Barragen C,,,,,,,,,,,,
TB09-CE,ATR-0544,-,,M,Biopsia de orelha,121.5,06/04/17,Myrmecophaga ,Myrmecophaga tridactyla,Tamandua Bandeira,,Campo Grande,MS,pele,Etanol,Desbiez A.,Barragen C,,,,,,,,,,,,,
TB10-CE,ATR-0545,-,,F,Biopsia de orelha,691.5,06/05/17,Myrmecophaga ,Myrmecophaga tridactyla,Tamandua Bandeira,,Campo Grande,MS,pele,Etanol,Desbiez A.,Barragen C,,,,,,,,,,,,,
TB11-CE,ATR-0546,-,,M,Biopsia de orelha,785,,06/06/17,Myrmecophaga ,Myrmecophaga tridactyla,Tamandua Bandeira,,Campo Grande,MS,pele,Etanol,Desbiez A.,Barragen C,,,,,,,,,,,,
TB12-CE,ATR-0547,-,,F,Biopsia de orelha,611.5,06/08/17,Myrmecophaga ,Myrmecophaga tridactyla,Tamandua Bandeira,,Campo Grande,MS,pele,Etanol,Desbiez A.,Barragen C,,,,,,,,,,,,,
TB13-CE,ATR-0548,-,,F,Biopsia de orelha,910.5,06/09/17,Myrmecophaga ,Myrmecophaga tridactyla,Tamandua Bandeira,,Campo Grande,MS,pele,Etanol,Desbiez A.,Barragen C,,,,,,,,,,,,,
TB14-CE,ATR-0549,-,,M,Biopsia de orelha,301,,06/11/17,Myrmecophaga ,Myrmecophaga tridactyla,Tamandua Bandeira,,Campo Grande,MS,pele,Etanol,Desbiez A.,Barragen C,,,,,,,,,,,,
TB15-CE,ATR-0550,-,,M,Biopsia de orelha,394,,6/13/2017,Myrmecophaga ,Myrmecophaga tridactyla,Tamandua Bandeira,,Campo Grande,MS,pele,Etanol,Desbiez A.,Barragen C,,,,,,,,,,,,
TB16-CE,ATR-0551,-,,F,Biopsia de orelha,395.5,6/14/2017,Myrmecophaga ,Myrmecophaga tridactyla,Tamandua Bandeira,,Campo Grande,MS,pele,Etanol,Desbiez A.,Barragen C,,,,,,,,,,,,,
RK168,ATR-0552,NEC14,M,F,,109.5,3/31/2017,Myrmecophaga ,Myrmecophaga tridactyla,Tamandua Bandeira,,Campo Grande,MS,pele,Etanol,Desbiez A.,Barragen C,,,,,,,,,,,,,
RK169,ATR-0553,-,,-,EID,,15.6,3/31/2017,Myrmecophaga ,Myrmecophaga tridactyla,Tamandua Bandeira,,Campo Grande,MS,pele,Etanol,Desbiez A.,Barragen C,,,,,,,,,,,,
RK170,ATR-0554,-,,-,EAD,,415,,04/03/17,Myrmecophaga ,Myrmecophaga tridactyla,Tamandua Bandeira,,Campo Grande,MS,pele,Etanol,Desbiez A.,Barragen C,,,,,,,,,,,
RK171,ATR-0555,-,,-,EAD,,35.5,04/03/17,Myrmecophaga ,Myrmecophaga tridactyla,Tamandua Bandeira,,Campo Grande,MS,pele,Etanol,Desbiez A.,Barragen C,,,,,,,,,,,,
RK173,ATR-0556,-,,-,V,,150,,04/04/17,Myrmecophaga ,Myrmecophaga tridactyla,Tamandua Bandeira,,Campo Grande,MS,pele,Etanol,Desbiez A.,Barragen C,,,,,,,,,,,
RK174,ATR-0557,-,,-,EID,,874.5,04/04/17,Tamandua ,Tamandua tetradactyla,Tamandua Mirim,,Campo Grande,MS,pele,Etanol,Desbiez A.,Barragen C,,,,,,,,,,,,
RK178,ATR-0558,-,,-,V,,1010,04/06/17,Tamandua ,Tamandua tetradactyla,Tamandua Mirim,,Campo Grande,MS,pele,Etanol,Desbiez A.,Barragen C,,,,,,,,,,,,
RK179,ATR-0559,-,,-,V,,885,,04/06/17,Tamandua ,Tamandua tetradactyla,Tamandua Mirim,,Campo Grande,MS,pele,Etanol,Desbiez A.,Barragen C,,,,,,,,,,,
RK180,ATR-0560,-,,F,F,,1384,04/06/17,Myrmecophaga ,Myrmecophaga tridactyla,Tamandua Bandeira,,Campo Grande,MS,pele,Etanol,Desbiez A.,Barragen C,,,,,,,,,,,,
RK182,ATR-0561,NEC15,F,F,,548,,04/10/17,Myrmecophaga ,Myrmecophaga tridactyla,Tamandua Bandeira,,Campo Grande,MS,pele,Etanol,Desbiez A.,Barragen C,,,,,,,,,,,,
RK183,ATR-0562,-,,-,F,,496,,04/10/17,Tamandua ,Tamandua tetradactyla,Tamandua Mirim,,Campo Grande,MS,pele,Etanol,Desbiez A.,Barragen C,,,,,,,,,,,
RK184,ATR-0563,-,,F,F,,393.5,04/10/17,Myrmecophaga ,Myrmecophaga tridactyla,Tamandua Bandeira,,Campo Grande,MS,pele,Etanol,Desbiez A.,Barragen C,,,,,,,,,,,,
RK186,ATR-0564,-,,-,EID,,148,,04/11/17,Tamandua ,Tamandua tetradactyla,Tamandua Mirim,,Campo Grande,MS,pele,Etanol,Desbiez A.,Barragen C,,,,,,,,,,,
RK187,ATR-0565,-,,M,EAD,,376,,4/13/2017,Myrmecophaga ,Myrmecophaga tridactyla,Tamandua Bandeira,,Campo Grande,MS,pele,Etanol,Desbiez A.,Barragen C,,,,,,,,,,,
RK188,ATR-0566,-,,-,EID,,777.5,4/13/2017,Tamandua ,Tamandua tetradactyla,Tamandua Mirim,,Campo Grande,MS,pele,Etanol,Desbiez A.,Barragen C,,,,,,,,,,,,
RK189,ATR-0567,-,,-,EAD,,1506,4/15/2017,Myrmecophaga ,Myrmecophaga tridactyla,Tamandua Bandeira,,Campo Grande,MS,pele,Etanol,Desbiez A.,Barragen C,,,,,,,,,,,,
RK190,ATR-0568,-,,-,EAD,,47,,4/15/2017,Myrmecophaga ,Myrmecophaga tridactyla,Tamandua Bandeira,,Campo Grande,MS,pele,Etanol,Desbiez A.,Barragen C,,,,,,,,,,,
RK191,ATR-0569,-,,-,V,,81.5,4/18/2017,Myrmecophaga ,Myrmecophaga tridactyla,Tamandua Bandeira,,Campo Grande,MS,pele,Etanol,Desbiez A.,Barragen C,,,,,,,,,,,,
RK192,ATR-0570,-,,-,EAD,,89.5,4/18/2017,Tamandua ,Tamandua tetradactyla,Tamandua Mirim,,Campo Grande,MS,pele,Etanol,Desbiez A.,Barragen C,,,,,,,,,,,,
RK193,ATR-0571,-,,-,V,,186,,4/19/2017,Myrmecophaga ,Myrmecophaga tridactyla,Tamandua Bandeira,,Campo Grande,MS,pele,Etanol,Desbiez A.,Barragen C,,,,,,,,,,,
RK194,ATR-0572,-,,-,EAD,,402,,4/19/2017,Myrmecophaga ,Myrmecophaga tridactyla,Tamandua Bandeira,,Campo Grande,MS,pele,Etanol,Desbiez A.,Barragen C,,,,,,,,,,,
RK195,ATR-0573,-,,-,EAD,,84,,4/21/2017,Myrmecophaga ,Myrmecophaga tridactyla,Tamandua Bandeira,,Campo Grande,MS,pele,Etanol,Desbiez A.,Barragen C,,,,,,,,,,,
RK197,ATR-0574,-,,M,EID,,491,,4/24/2017,Myrmecophaga ,Myrmecophaga tridactyla,Tamandua Bandeira,,Campo Grande,MS,pele,Etanol,Desbiez A.,Barragen C,,,,,,,,,,,
RK198,ATR-0575,-,,-,V,,151,,4/27/2017,Myrmecophaga ,Myrmecophaga tridactyla,Tamandua Bandeira,,Campo Grande,MS,pele,Etanol,Desbiez A.,Barragen C,,,,,,,,,,,
RK199,ATR-0576,-,,-,V,,6,,4/27/2017,Tamandua ,Tamandua tetradactyla,Tamandua Mirim,,Campo Grande,MS,pele,Etanol,Desbiez A.,Barragen C,,,,,,,,,,,
RK200,ATR-0577,-,,-,EAD,,314.5,4/27/2017,Tamandua ,Tamandua tetradactyla,Tamandua Mirim,,Campo Grande,MS,pele,Etanol,Desbiez A.,Barragen C,,,,,,,,,,,,
RK201,ATR-0578,-,,-,EAD,,101,,4/27/2017,Tamandua ,Tamandua tetradactyla,Tamandua Mirim,,Campo Grande,MS,pele,Etanol,Desbiez A.,Barragen C,,,,,,,,,,,
RK202,ATR-0579,NEC16,M,F,,1018,4/27/2017,Tamandua ,Tamandua tetradactyla,Tamandua Mirim,,Campo Grande,MS,pele,Etanol,Desbiez A.,Barragen C,,,,,,,,,,,,,
RK203,ATR-0580,-,,M,EID,,552,,4/27/2017,Tamandua ,Tamandua tetradactyla,Tamandua Mirim,,Campo Grande,MS,pele,Etanol,Desbiez A.,Barragen C,,,,,,,,,,,
RK206,ATR-0581,-,,M,EID,,100.5,4/27/2017,Myrmecophaga ,Myrmecophaga tridactyla,Tamandua Bandeira,,Campo Grande,MS,pele,Etanol,Desbiez A.,Barragen C,,,,,,,,,,,,
RK209,ATR-0582,-,,-,F,,601,,4/28/2017,Tamandua ,Tamandua tetradactyla,Tamandua Mirim,,Campo Grande,MS,pele,Etanol,Desbiez A.,Barragen C,,,,,,,,,,,
RK213,ATR-0583,-,,M,EID,,1229,4/29/2017,Myrmecophaga ,Myrmecophaga tridactyla,Tamandua Bandeira,,Campo Grande,MS,pele,Etanol,Desbiez A.,Barragen C,,,,,,,,,,,,
RK214,ATR-0584,-,,-,EAD,,220.5,05/02/17,Tamandua ,Tamandua tetradactyla,Tamandua Mirim,,Campo Grande,MS,pele,Etanol,Desbiez A.,Barragen C,,,,,,,,,,,,
RK215,ATR-0585,-,,M,EID,,235.5,05/02/17,Myrmecophaga ,Myrmecophaga tridactyla,Tamandua Bandeira,,Campo Grande,MS,pele,Etanol,Desbiez A.,Barragen C,,,,,,,,,,,,
RK216,ATR-0586,-,,-,EID,,26.5,05/02/17,Myrmecophaga ,Myrmecophaga tridactyla,Tamandua Bandeira,,Campo Grande,MS,pele,Etanol,Desbiez A.,Barragen C,,,,,,,,,,,,
RK217,ATR-0587,-,,M,EAD,,63,,05/03/17,Myrmecophaga ,Myrmecophaga tridactyla,Tamandua Bandeira,,Campo Grande,MS,pele,Etanol,Desbiez A.,Barragen C,,,,,,,,,,,
RK218,ATR-0588,-,,M,EID,,305.5,05/03/17,Myrmecophaga ,Myrmecophaga tridactyla,Tamandua Bandeira,,Campo Grande,MS,pele,Etanol,Desbiez A.,Barragen C,,,,,,,,,,,,
RK220,ATR-0589,-,,F,EID,,162,,05/03/17,Myrmecophaga ,Myrmecophaga tridactyla,Tamandua Bandeira,,Campo Grande,MS,pele,Etanol,Desbiez A.,Barragen C,,,,,,,,,,,
RK221,ATR-0590,-,,M,EAD,,32.5,05/04/17,Myrmecophaga ,Myrmecophaga tridactyla,Tamandua Bandeira,,Campo Grande,MS,pele,Etanol,Desbiez A.,Barragen C,,,,,,,,,,,,
RK222,ATR-0591,-,,-,EAD,,266,,05/09/17,Myrmecophaga ,Myrmecophaga tridactyla,Tamandua Bandeira,,Campo Grande,MS,pele,Etanol,Desbiez A.,Barragen C,,,,,,,,,,,
RK227,ATR-0592,NEC18,M,EAD,,573.5,05/09/17,Myrmecophaga ,Myrmecophaga tridactyla,Tamandua Bandeira,,Campo Grande,MS,pele,Etanol,Desbiez A.,Barragen C,,,,,,,,,,,,,
RK228,ATR-0593,-,,-,EAD,,136.5,05/09/17,Myrmecophaga ,Myrmecophaga tridactyla,Tamandua Bandeira,,Campo Grande,MS,pele,Etanol,Desbiez A.,Barragen C,,,,,,,,,,,,
RK230,ATR-0594,NEC19,F,F,,5.1,,05/10/17,Tamandua ,Tamandua tetradactyla,Tamandua Mirim,,Campo Grande,MS,pele,Etanol,Desbiez A.,Barragen C,,,,,,,,,,,,
RK231,ATR-0595,-,,-,EID,,326.5,05/01/17,Myrmecophaga ,Myrmecophaga tridactyla,Tamandua Bandeira,,Campo Grande,MS,pele,Etanol,Desbiez A.,Barragen C,,,,,,,,,,,,
RK233,ATR-0596,-,,-,EAD,,43,,5/15/2017,Myrmecophaga ,Myrmecophaga tridactyla,Tamandua Bandeira,,Campo Grande,MS,pele,Etanol,Desbiez A.,Barragen C,,,,,,,,,,,
RK234,ATR-0597,-,,-,V,,36.5,5/15/2017,Myrmecophaga ,Myrmecophaga tridactyla,Tamandua Bandeira,,Campo Grande,MS,pele,Etanol,Desbiez A.,Barragen C,,,,,,,,,,,,
RK235,ATR-0598,-,,-,EID,,480,,5/15/2017,Myrmecophaga ,Myrmecophaga tridactyla,Tamandua Bandeira,,Campo Grande,MS,pele,Etanol,Desbiez A.,Barragen C,,,,,,,,,,,
RK238,ATR-0599,-,,-,V,,55.5,5/17/2017,Myrmecophaga ,Myrmecophaga tridactyla,Tamandua Bandeira,,Campo Grande,MS,pele,Etanol,Desbiez A.,Barragen C,,,,,,,,,,,,
RK239,ATR-0600,-,,-,V,,463.0,5/17/2017,Tamandua ,Tamandua tetradactyla,Tamandua Mirim,,Campo Grande,MS,pele,Etanol,Desbiez A.,Barragen C,,,,,,,,,,,,
RK240,ATR-0601,-,,-,EAD,,153.5,5/17/2017,Myrmecophaga ,Myrmecophaga tridactyla,Tamandua Bandeira,,Campo Grande,MS,pele,Etanol,Desbiez A.,Barragen C,,,,,,,,,,,,
RK243,ATR-0602,NEC21,M,F,,148.0,5/19/2017,Tamandua ,Tamandua tetradactyla,Tamandua Mirim,,Campo Grande,MS,pele,Etanol,Desbiez A.,Barragen C,,,,,,,,,,,,,
RK244,ATR-0603,-,,-,V,,138.5,5/24/2017,Tamandua ,Tamandua tetradactyla,Tamandua Mirim,,Campo Grande,MS,pele,Etanol,Desbiez A.,Barragen C,,,,,,,,,,,,
RK245,ATR-0604,-,,-,EAD,,97.0,5/24/2017,Tamandua ,Tamandua tetradactyla,Tamandua Mirim,,Campo Grande,MS,pele,Etanol,Desbiez A.,Barragen C,,,,,,,,,,,,
RK246,ATR-0605,-,,-,EAD,,12.6,5/24/2017,Tamandua ,Tamandua tetradactyla,Tamandua Mirim,,Campo Grande,MS,pele,Etanol,Desbiez A.,Barragen C,,,,,,,,,,,,
RK247,ATR-0606,-,,-,F,,265.0,5/24/2017,Tamandua ,Tamandua tetradactyla,Tamandua Mirim,,Campo Grande,MS,pele,Etanol,Desbiez A.,Barragen C,,,,,,,,,,,,
RK249,ATR-0607,NEC22,F,F,,448.5,5/25/2017,Myrmecophaga ,Myrmecophaga tridactyla,Tamandua Bandeira,,Campo Grande,MS,pele,Etanol,Desbiez A.,Barragen C,,,,,,,,,,,,,
RK251,ATR-0608,-,,-,EAD,,12.1,5/29/2017,Myrmecophaga ,Myrmecophaga tridactyla,Tamandua Bandeira,,Campo Grande,MS,pele,Etanol,Desbiez A.,Barragen C,,,,,,,,,,,,
RK253,ATR-0609,-,,-,F,,261.0,5/30/2017,Tamandua ,Tamandua tetradactyla,Tamandua Mirim,,Campo Grande,MS,pele,Etanol,Desbiez A.,Barragen C,,,,,,,,,,,,
RK254,ATR-0610,-,,-,EAD,,54.0,5/30/2017,Myrmecophaga ,Myrmecophaga tridactyla,Tamandua Bandeira,,Campo Grande,MS,pele,Etanol,Desbiez A.,Barragen C,,,,,,,,,,,,
RK255,ATR-0611,-,,M,F,,379.0,5/30/2017,Tamandua ,Tamandua tetradactyla,Tamandua Mirim,,Campo Grande,MS,pele,Etanol,Desbiez A.,Barragen C,,,,,,,,,,,,
RK256,ATR-0612,-,,-,EAD,,208.0,5/31/2017,Tamandua ,Tamandua tetradactyla,Tamandua Mirim,,Campo Grande,MS,pele,Etanol,Desbiez A.,Barragen C,,,,,,,,,,,,
RK257,ATR-0613,-,,M,EID,,177.5,5/31/2017,Myrmecophaga ,Myrmecophaga tridactyla,Tamandua Bandeira,,Campo Grande,MS,pele,Etanol,Desbiez A.,Barragen C,,,,,,,,,,,,
RK258,ATR-0614,-,,-,V,,84.0,06/06/17,Myrmecophaga ,Myrmecophaga tridactyla,Tamandua Bandeira,,Campo Grande,MS,pele,Etanol,Desbiez A.,Barragen C,,,,,,,,,,,,
RK259,ATR-0615,-,,-,EAD,,43.0,06/07/17,Myrmecophaga ,Myrmecophaga tridactyla,Tamandua Bandeira,,Campo Grande,MS,pele,Etanol,Desbiez A.,Barragen C,,,,,,,,,,,,
RK260,ATR-0616,-,,F,EAD,,81.5,06/07/17,Myrmecophaga ,Myrmecophaga tridactyla,Tamandua Bandeira,,Campo Grande,MS,pele,Etanol,Desbiez A.,Barragen C,,,,,,,,,,,,
RK262,ATR-0617,-,,M,EID,,142.0,06/07/17,Myrmecophaga ,Myrmecophaga tridactyla,Tamandua Bandeira,,Campo Grande,MS,pele,Etanol,Desbiez A.,Barragen C,,,,,,,,,,,,
RK263,ATR-0618,-,,-,EID,,384.0,06/07/17,Tamandua ,Tamandua tetradactyla,Tamandua Mirim,,Campo Grande,MS,pele,Etanol,Desbiez A.,Barragen C,,,,,,,,,,,,
RK264,ATR-0619,-,,-,EID,,26.5,06/07/17,Tamandua ,Tamandua tetradactyla,Tamandua Mirim,,Campo Grande,MS,pele,Etanol,Desbiez A.,Barragen C,,,,,,,,,,,,
RK265,ATR-0620,-,,-,V,,47.5,06/07/17,Tamandua ,Tamandua tetradactyla,Tamandua Mirim,,Campo Grande,MS,pele,Etanol,Desbiez A.,Barragen C,,,,,,,,,,,,
RK266,ATR-0621,-,,F,EID,,-,,06/08/17,Tamandua ,Tamandua tetradactyla,Tamandua Mirim,,Campo Grande,MS,pele,Etanol,Desbiez A.,Barragen C,,,,,,,,,,,
RK271,ATR-0622,-,,-,EAD,,489.0,06/12/17,Myrmecophaga ,Myrmecophaga tridactyla,Tamandua Bandeira,,Campo Grande,MS,pele,Etanol,Desbiez A.,Barragen C,,,,,,,,,,,,
RK273,ATR-0623,-,,-,EAD,,23.0,06/12/17,Myrmecophaga ,Myrmecophaga tridactyla,Tamandua Bandeira,,Campo Grande,MS,pele,Etanol,Desbiez A.,Barragen C,,,,,,,,,,,,
RK274,ATR-0624,-,,-,V,,97.5,06/12/17,Tamandua ,Tamandua tetradactyla,Tamandua Mirim,,Campo Grande,MS,pele,Etanol,Desbiez A.,Barragen C,,,,,,,,,,,,
RK275,ATR-0625,-,,-,EAD,,142.5,6/13/2017,Tamandua ,Tamandua tetradactyla,Tamandua Mirim,,Campo Grande,MS,pele,Etanol,Desbiez A.,Barragen C,,,,,,,,,,,,
RK278,ATR-0626,-,,-,EAD,,343.0,6/13/2017,Myrmecophaga ,Myrmecophaga tridactyla,Tamandua Bandeira,,Campo Grande,MS,pele,Etanol,Desbiez A.,Barragen C,,,,,,,,,,,,
RK280,ATR-0627,-,,M,EID,,833.0,6/19/2017,Myrmecophaga ,Myrmecophaga tridactyla,Tamandua Bandeira,,Campo Grande,MS,pele,Etanol,Desbiez A.,Barragen C,,,,,,,,,,,,
RK276,ATR-0628,-,,-,V,,6.0,,6/13/2017,Myrmecophaga ,Myrmecophaga tridactyla,Tamandua Bandeira,,Campo Grande,MS,pele,Etanol,Desbiez A.,Barragen C,,,,,,,,,,,
MT260,ATR-0629,-,,-,-,,43.0,Zoo,Myrmecophaga ,Myrmecophaga tridactyla,Tamandua Bandeira,,Campo Grande,MS,pele,Etanol,Desbiez A.,Barragen C,,,,,,,,,,,,
MT443,ATR-0630,-,,-,-,,9.5,,Zoo,Myrmecophaga ,Myrmecophaga tridactyla,Tamandua Bandeira,,Campo Grande,MS,pele,Etanol,Desbiez A.,Barragen C,,,,,,,,,,,
MT445,ATR-0631,-,,-,-,,14.0,Zoo,Myrmecophaga ,Myrmecophaga tridactyla,Tamandua Bandeira,,Campo Grande,MS,pele,Etanol,Desbiez A.,Barragen C,,,,,,,,,,,,
MT446,ATR-0632,-,,-,-,,34.0,Zoo,Myrmecophaga ,Myrmecophaga tridactyla,Tamandua Bandeira,,Campo Grande,MS,pele,Etanol,Desbiez A.,Barragen C,,,,,,,,,,,,
MT447,ATR-0633,-,,-,-,,7.8,,Zoo,Myrmecophaga ,Myrmecophaga tridactyla,Tamandua Bandeira,,Campo Grande,MS,pele,Etanol,Desbiez A.,Barragen C,,,,,,,,,,,
MT#1,ATR-0634,-,,-,-,,377.0,Zoo,Myrmecophaga ,Myrmecophaga tridactyla,Tamandua Bandeira,,Campo Grande,MS,pele,Etanol,Desbiez A.,Barragen C,,,,,,,,,,,,
MT#2,ATR-0635,-,,-,-,,22.5,Zoo,Myrmecophaga ,Myrmecophaga tridactyla,Tamandua Bandeira,,Campo Grande,MS,pele,Etanol,Desbiez A.,Barragen C,,,,,,,,,,,,
MT#3,ATR-0636,-,,-,-,,68.5,Zoo,Myrmecophaga ,Myrmecophaga tridactyla,Tamandua Bandeira,,Campo Grande,MS,pele,Etanol,Desbiez A.,Barragen C,,,,,,,,,,,,
367,,ATR-0637,-,,-,-,,170.5,,-,                       -,,,,,-,,,,Campo Grande,MS,pele,Etanol,Desbiez A.,Barragen C,,,,,
RK282,ATR-0638,-,,-,EAD,,135.5,6/26/2017,Myrmecophaga ,Myrmecophaga tridactyla,Tamandua Bandeira,,Campo Grande,MS,pele,Etanol,Desbiez A.,Barragen C,,,,,,,,,,,,
RK283,ATR-0639,-,,-,V,,130,,6/26/2017,Myrmecophaga ,Myrmecophaga tridactyla,Tamandua Bandeira,,Campo Grande,MS,pele,Etanol,Desbiez A.,Barragen C,,,,,,,,,,,
RK284,ATR-0640,NEC25,F,F,,13.1,6/28/2017,Myrmecophaga ,Myrmecophaga tridactyla,Tamandua Bandeira,,Campo Grande,MS,pele,Etanol,Desbiez A.,Barragen C,,,,,,,,,,,,,
RK285,ATR-0641,NEC24,M,F,,577.5,6/28/2017,Myrmecophaga ,Myrmecophaga tridactyla,Tamandua Bandeira,,Campo Grande,MS,pele,Etanol,Desbiez A.,Barragen C,,,,,,,,,,,,,
RK286,ATR-0642,-,,-,EAD,,11.4,6/28/2017,Myrmecophaga ,Myrmecophaga tridactyla,Tamandua Bandeira,,Campo Grande,MS,pele,Etanol,Desbiez A.,Barragen C,,,,,,,,,,,,
RK287,ATR-0643,NEC26,M,F,,244.5,6/28/2017,Myrmecophaga ,Myrmecophaga tridactyla,Tamandua Bandeira,,Campo Grande,MS,pele,Etanol,Desbiez A.,Barragen C,,,,,,,,,,,,,
RK288,ATR-0644,-,,-,EAD,,21,,6/29/2017,Myrmecophaga ,Myrmecophaga tridactyla,Tamandua Bandeira,,Campo Grande,MS,pele,Etanol,Desbiez A.,Barragen C,,,,,,,,,,,
RK290,ATR-0645,-,,-,EAD,,22,,6/29/2017,Myrmecophaga ,Myrmecophaga tridactyla,Tamandua Bandeira,,Campo Grande,MS,pele,Etanol,Desbiez A.,Barragen C,,,,,,,,,,,
RK293,ATR-0646,NEC27,F,F,,443,,07/03/17,Myrmecophaga ,Myrmecophaga tridactyla,Tamandua Bandeira,,Campo Grande,MS,pele,Etanol,Desbiez A.,Barragen C,,,,,,,,,,,,
RK294,ATR-0647,NEC28,F,F,,479.5,07/05/17,Myrmecophaga ,Myrmecophaga tridactyla,Tamandua Bandeira,,Campo Grande,MS,pele,Etanol,Desbiez A.,Barragen C,,,,,,,,,,,,,
RK295,ATR-0648,NEC29,M,F,,532.5,07/06/17,Myrmecophaga ,Myrmecophaga tridactyla,Tamandua Bandeira,,Campo Grande,MS,pele,Etanol,Desbiez A.,Barragen C,,,,,,,,,,,,,
RK296,ATR-0649,-,,-,EAD,,40.5,07/10/17,Myrmecophaga ,Myrmecophaga tridactyla,Tamandua Bandeira,,Campo Grande,MS,pele,Etanol,Desbiez A.,Barragen C,,,,,,,,,,,,
RK301,ATR-0650,NEC30,M,F,,107.5,7/17/2017,Myrmecophaga ,Myrmecophaga tridactyla,Tamandua Bandeira,,Campo Grande,MS,pele,Etanol,Desbiez A.,Barragen C,,,,,,,,,,,,,
RK303,ATR-0651,NEC31,F,F,,411.5,7/20/2017,Myrmecophaga ,Myrmecophaga tridactyla,Tamandua Bandeira,,Campo Grande,MS,pele,Etanol,Desbiez A.,Barragen C,,,,,,,,,,,,,
RK304,ATR-0652,NEC32,F,F,,165,,7/20/2017,Myrmecophaga ,Myrmecophaga tridactyla,Tamandua Bandeira,,Campo Grande,MS,pele,Etanol,Desbiez A.,Barragen C,,,,,,,,,,,,
RK305,ATR-0653,-,,M,EID,,286.5,7/24/2017,Myrmecophaga ,Myrmecophaga tridactyla,Tamandua Bandeira,,Campo Grande,MS,pele,Etanol,Desbiez A.,Barragen C,,,,,,,,,,,,
RK308,ATR-0654,-,,-,EAD,,31,,7/24/2017,Myrmecophaga ,Myrmecophaga tridactyla,Tamandua Bandeira,,Campo Grande,MS,pele,Etanol,Desbiez A.,Barragen C,,,,,,,,,,,
RK309,ATR-0655,-,,M,EAD,,14.4,7/24/2017,Myrmecophaga ,Myrmecophaga tridactyla,Tamandua Bandeira,,Campo Grande,MS,pele,Etanol,Desbiez A.,Barragen C,,,,,,,,,,,,
RK312,ATR-0656,-,,-,V,,35,,7/25/2017,Myrmecophaga ,Myrmecophaga tridactyla,Tamandua Bandeira,,Campo Grande,MS,pele,Etanol,Desbiez A.,Barragen C,,,,,,,,,,,
RK321,ATR-0657,-,,F,F,,141,,08/02/17,Myrmecophaga ,Myrmecophaga tridactyla,Tamandua Bandeira,,Campo Grande,MS,pele,Etanol,Desbiez A.,Barragen C,,,,,,,,,,,
RK323,ATR-0658,-,,M,F,,17.5,08/02/17,Myrmecophaga ,Myrmecophaga tridactyla,Tamandua Bandeira,,Campo Grande,MS,pele,Etanol,Desbiez A.,Barragen C,,,,,,,,,,,,
RK324,ATR-0659,NEC35,M,F,,480,,08/07/17,Myrmecophaga ,Myrmecophaga tridactyla,Tamandua Bandeira,,Campo Grande,MS,pele,Etanol,Desbiez A.,Barragen C,,,,,,,,,,,,
RK325,ATR-0660,-,,-,EAD,,35.5,08/08/17,Myrmecophaga ,Myrmecophaga tridactyla,Tamandua Bandeira,,Campo Grande,MS,pele,Etanol,Desbiez A.,Barragen C,,,,,,,,,,,,
RK328,ATR-0661,-,,-,EAD,,9.2,,08/08/17,Myrmecophaga ,Myrmecophaga tridactyla,Tamandua Bandeira,,Campo Grande,MS,pele,Etanol,Desbiez A.,Barragen C,,,,,,,,,,,
RK330,ATR-0662,-,,M,F,,28.5,08/09/17,Myrmecophaga ,Myrmecophaga tridactyla,Tamandua Bandeira,,Campo Grande,MS,pele,Etanol,Desbiez A.,Barragen C,,,,,,,,,,,,
RK331,ATR-0663,-,,-,EAD,,104,,08/09/17,Myrmecophaga ,Myrmecophaga tridactyla,Tamandua Bandeira,,Campo Grande,MS,pele,Etanol,Desbiez A.,Barragen C,,,,,,,,,,,
RK332,ATR-0664,-,,-,EID,,331.5,08/10/17,Myrmecophaga ,Myrmecophaga tridactyla,Tamandua Bandeira,,Campo Grande,MS,pele,Etanol,Desbiez A.,Barragen C,,,,,,,,,,,,
RK333,ATR-0665,-,,-,EAD,,24.5,8/14/2017,Myrmecophaga ,Myrmecophaga tridactyla,Tamandua Bandeira,,Campo Grande,MS,pele,Etanol,Desbiez A.,Barragen C,,,,,,,,,,,,
RK337,ATR-0666,NEC37,M,F,,265,,8/18/2017,Myrmecophaga ,Myrmecophaga tridactyla,Tamandua Bandeira,,Campo Grande,MS,pele,Etanol,Desbiez A.,Barragen C,,,,,,,,,,,,
RK338,ATR-0667,-,,M,EID,,180,,8/22/2017,Myrmecophaga ,Myrmecophaga tridactyla,Tamandua Bandeira,,Campo Grande,MS,pele,Etanol,Desbiez A.,Barragen C,,,,,,,,,,,
RK339,ATR-0668,-,,M,EAD,,3.2,,8/23/2017,Myrmecophaga ,Myrmecophaga tridactyla,Tamandua Bandeira,,Campo Grande,MS,pele,Etanol,Desbiez A.,Barragen C,,,,,,,,,,,
RK342,ATR-0669,-,,-,MV,,46.5,8/23/2017,Myrmecophaga ,Myrmecophaga tridactyla,Tamandua Bandeira,,Campo Grande,MS,pele,Etanol,Desbiez A.,Barragen C,,,,,,,,,,,,
RK345,ATR-0670,-,,-,V,,187.5,8/25/2017,Myrmecophaga ,Myrmecophaga tridactyla,Tamandua Bandeira,,Campo Grande,MS,pele,Etanol,Desbiez A.,Barragen C,,,,,,,,,,,,
RK348,ATR-0671,-,,-,V,,64,,8/29/2017,Myrmecophaga ,Myrmecophaga tridactyla,Tamandua Bandeira,,Campo Grande,MS,pele,Etanol,Desbiez A.,Barragen C,,,,,,,,,,,
RK349,ATR-0672,-,,-,V,,127.5,8/29/2017,Myrmecophaga ,Myrmecophaga tridactyla,Tamandua Bandeira,,Campo Grande,MS,pele,Etanol,Desbiez A.,Barragen C,,,,,,,,,,,,
RK351,ATR-0673,-,,-,V,,106,,8/29/2017,Myrmecophaga ,Myrmecophaga tridactyla,Tamandua Bandeira,,Campo Grande,MS,pele,Etanol,Desbiez A.,Barragen C,,,,,,,,,,,
RK354,ATR-0674,-,,-,EAD,,11.1,8/29/2017,Myrmecophaga ,Myrmecophaga tridactyla,Tamandua Bandeira,,Campo Grande,MS,pele,Etanol,Desbiez A.,Barragen C,,,,,,,,,,,,
RK355,ATR-0675,-,,-,EAD,,11.1,8/29/2017,Myrmecophaga ,Myrmecophaga tridactyla,Tamandua Bandeira,,Campo Grande,MS,pele,Etanol,Desbiez A.,Barragen C,,,,,,,,,,,,
RK359,ATR-0676,-,,-,F,,381.5,8/30/2017,Myrmecophaga ,Myrmecophaga tridactyla,Tamandua Bandeira,,Campo Grande,MS,pele,Etanol,Desbiez A.,Barragen C,,,,,,,,,,,,
RK361,ATR-0677,-,,-,EAD,,91.5,09/05/17,Myrmecophaga ,Myrmecophaga tridactyla,Tamandua Bandeira,,Campo Grande,MS,pele,Etanol,Desbiez A.,Barragen C,,,,,,,,,,,,
RK364,ATR-0678,-,,M,EID,,381,,09/08/17,Myrmecophaga ,Myrmecophaga tridactyla,Tamandua Bandeira,,Campo Grande,MS,pele,Etanol,Desbiez A.,Barragen C,,,,,,,,,,,
RK366,ATR-0679,-,,-,V,,25,,09/08/17,Myrmecophaga ,Myrmecophaga tridactyla,Tamandua Bandeira,,Campo Grande,MS,pele,Etanol,Desbiez A.,Barragen C,,,,,,,,,,,
RK367,ATR-0680,-,,M,EID,,219,,09/08/17,Myrmecophaga ,Myrmecophaga tridactyla,Tamandua Bandeira,,Campo Grande,MS,pele,Etanol,Desbiez A.,Barragen C,,,,,,,,,,,
RK368,ATR-0681,-,,-,EAD,,184.5,09/11/17,Myrmecophaga ,Myrmecophaga tridactyla,Tamandua Bandeira,,Campo Grande,MS,pele,Etanol,Desbiez A.,Barragen C,,,,,,,,,,,,
RK369,ATR-0682,-,,-,EAD,,85,,09/11/17,Myrmecophaga ,Myrmecophaga tridactyla,Tamandua Bandeira,,Campo Grande,MS,pele,Etanol,Desbiez A.,Barragen C,,,,,,,,,,,
RK370,ATR-0683,-,,F,EAD,,106,,09/11/17,Myrmecophaga ,Myrmecophaga tridactyla,Tamandua Bandeira,,Campo Grande,MS,pele,Etanol,Desbiez A.,Barragen C,,,,,,,,,,,
RK371,ATR-0684,-,,-,EAD,,264.5,09/11/17,Myrmecophaga ,Myrmecophaga tridactyla,Tamandua Bandeira,,Campo Grande,MS,pele,Etanol,Desbiez A.,Barragen C,,,,,,,,,,,,
RK374,ATR-0685,NEC39,F,F,,468,,09/12/17,Myrmecophaga ,Myrmecophaga tridactyla,Tamandua Bandeira,,Campo Grande,MS,pele,Etanol,Desbiez A.,Barragen C,,,,,,,,,,,,
RK375,ATR-0686,-,,F,F,,306,,09/12/17,Myrmecophaga ,Myrmecophaga tridactyla,Tamandua Bandeira,,Campo Grande,MS,pele,Etanol,Desbiez A.,Barragen C,,,,,,,,,,,
RK377,ATR-0687,-,,-,V,,11.9,9/25/2017,Myrmecophaga ,Myrmecophaga tridactyla,Tamandua Bandeira,,Campo Grande,MS,pele,Etanol,Desbiez A.,Barragen C,,,,,,,,,,,,
RK378,ATR-0688,NEC40,M,F,,609.5,9/25/2017,Myrmecophaga ,Myrmecophaga tridactyla,Tamandua Bandeira,,Campo Grande,MS,pele,Etanol,Desbiez A.,Barragen C,,,,,,,,,,,,,
RK379,ATR-0689,-,,-,V,,413.5,9/25/2017,Myrmecophaga ,Myrmecophaga tridactyla,Tamandua Bandeira,,Campo Grande,MS,pele,Etanol,Desbiez A.,Barragen C,,,,,,,,,,,,
RK380,ATR-0690,NEC41,F,F,,841.5,9/26/2017,Myrmecophaga ,Myrmecophaga tridactyla,Tamandua Bandeira,,Campo Grande,MS,pele,Etanol,Desbiez A.,Barragen C,,,,,,,,,,,,,
RK384,ATR-0691,-,,F,EAD,,304.5,9/26/2017,Myrmecophaga ,Myrmecophaga tridactyla,Tamandua Bandeira,,Campo Grande,MS,pele,Etanol,Desbiez A.,Barragen C,,,,,,,,,,,,
RK389,ATR-0692,-,,M,EAD,,409.5,10/04/17,Myrmecophaga ,Myrmecophaga tridactyla,Tamandua Bandeira,,Campo Grande,MS,pele,Etanol,Desbiez A.,Barragen C,,,,,,,,,,,,
RK390,ATR-0693,-,,-,V,,174,,10/04/17,Myrmecophaga ,Myrmecophaga tridactyla,Tamandua Bandeira,,Campo Grande,MS,pele,Etanol,Desbiez A.,Barragen C,,,,,,,,,,,
RK394,ATR-0694,-,,-,EAD,,184,,10/10/17,Myrmecophaga ,Myrmecophaga tridactyla,Tamandua Bandeira,,Campo Grande,MS,pele,Etanol,Desbiez A.,Barragen C,,,,,,,,,,,
RK395,ATR-0695,-,,-,EAD,,21,,10/10/17,Myrmecophaga ,Myrmecophaga tridactyla,Tamandua Bandeira,,Campo Grande,MS,pele,Etanol,Desbiez A.,Barragen C,,,,,,,,,,,
RK397,ATR-0696,-,,-,EAD,,15,,10/10/17,Myrmecophaga ,Myrmecophaga tridactyla,Tamandua Bandeira,,Campo Grande,MS,pele,Etanol,Desbiez A.,Barragen C,,,,,,,,,,,
RK398,ATR-0697,-,,-,EAD,,6.6,,10/10/17,Myrmecophaga ,Myrmecophaga tridactyla,Tamandua Bandeira,,Campo Grande,MS,pele,Etanol,Desbiez A.,Barragen C,,,,,,,,,,,
RK399,ATR-0698,-,,-,EAD,,77,,10/10/17,Myrmecophaga ,Myrmecophaga tridactyla,Tamandua Bandeira,,Campo Grande,MS,pele,Etanol,Desbiez A.,Barragen C,,,,,,,,,,,
RK402,ATR-0699,NEC43,M,F,,400,,10/13/2017,Myrmecophaga ,Myrmecophaga tridactyla,Tamandua Bandeira,,Campo Grande,MS,pele,Etanol,Desbiez A.,Barragen C,,,,,,,,,,,,
RK404,ATR-0700,-,,-,EAD,,34.5,10/16/2017,Myrmecophaga ,Myrmecophaga tridactyla,Tamandua Bandeira,,Campo Grande,MS,pele,Etanol,Desbiez A.,Barragen C,,,,,,,,,,,,
RK405,ATR-0701,NEC44,M,F,,145,,10/18/2017,Myrmecophaga ,Myrmecophaga tridactyla,Tamandua Bandeira,,Campo Grande,MS,pele,Etanol,Desbiez A.,Barragen C,,,,,,,,,,,,
RK409,ATR-0702,-,,-,EAD,,156.5,10/18/2017,Myrmecophaga ,Myrmecophaga tridactyla,Tamandua Bandeira,,Campo Grande,MS,pele,Etanol,Desbiez A.,Barragen C,,,,,,,,,,,,
RK410,ATR-0703,-,,-,V,,281,,10/18/2017,Myrmecophaga ,Myrmecophaga tridactyla,Tamandua Bandeira,,Campo Grande,MS,pele,Etanol,Desbiez A.,Barragen C,,,,,,,,,,,
RK411,ATR-0704,-,,M,EID,,158,,10/18/2017,Myrmecophaga ,Myrmecophaga tridactyla,Tamandua Bandeira,,Campo Grande,MS,pele,Etanol,Desbiez A.,Barragen C,,,,,,,,,,,
RK289,ATR-0705,-,,-,EID,,820,,6/29/2017,Tamandua ,Tamandua tetradactyla,Tamandua Mirim,,Campo Grande,MS,pele,Etanol,Desbiez A.,Barragen C,,,,,,,,,,,
RK291,ATR-0706,-,,-,F,,791.5,07/03/17,Tamandua ,Tamandua tetradactyla,Tamandua Mirim,,Campo Grande,MS,pele,Etanol,Desbiez A.,Barragen C,,,,,,,,,,,,
RK297,ATR-0707,-,,-,EAD,,207.5,07/10/17,Tamandua ,Tamandua tetradactyla,Tamandua Mirim,,Campo Grande,MS,pele,Etanol,Desbiez A.,Barragen C,,,,,,,,,,,,
RK299,ATR-0708,-,,-,EAD,,202,,07/12/17,Tamandua ,Tamandua tetradactyla,Tamandua Mirim,,Campo Grande,MS,pele,Etanol,Desbiez A.,Barragen C,,,,,,,,,,,
RK302,ATR-0709,-,,-,V,,500.5,7/18/2017,Tamandua ,Tamandua tetradactyla,Tamandua Mirim,,Campo Grande,MS,pele,Etanol,Desbiez A.,Barragen C,,,,,,,,,,,,
RK311,ATR-0710,NEC33,F,F,,395.5,7/25/2017,Tamandua ,Tamandua tetradactyla,Tamandua Mirim,,Campo Grande,MS,pele,Etanol,Desbiez A.,Barragen C,,,,,,,,,,,,,
RK315,ATR-0711,-,,-,V,,301.5,08/01/17,Tamandua ,Tamandua tetradactyla,Tamandua Mirim,,Campo Grande,MS,pele,Etanol,Desbiez A.,Barragen C,,,,,,,,,,,,
RK316,ATR-0712,-,,-,V,,443.5,08/01/17,Tamandua ,Tamandua tetradactyla,Tamandua Mirim,,Campo Grande,MS,pele,Etanol,Desbiez A.,Barragen C,,,,,,,,,,,,
RK317,ATR-0713,-,,-,EAD,,157.5,08/01/17,Tamandua ,Tamandua tetradactyla,Tamandua Mirim,,Campo Grande,MS,pele,Etanol,Desbiez A.,Barragen C,,,,,,,,,,,,
RK319,ATR-0714,-,,-,EAD,,150.0,08/01/17,Tamandua ,Tamandua tetradactyla,Tamandua Mirim,,Campo Grande,MS,pele,Etanol,Desbiez A.,Barragen C,,,,,,,,,,,,
RK322,ATR-0715,-,,-,EAD,,485.0,08/02/17,Tamandua ,Tamandua tetradactyla,Tamandua Mirim,,Campo Grande,MS,pele,Etanol,Desbiez A.,Barragen C,,,,,,,,,,,,
RK326,ATR-0716,-,,-,V,,328.0,08/08/17,Tamandua ,Tamandua tetradactyla,Tamandua Mirim,,Campo Grande,MS,pele,Etanol,Desbiez A.,Barragen C,,,,,,,,,,,,
RK334,ATR-0717,-,,-,V,,267.0,8/14/2017,Tamandua ,Tamandua tetradactyla,Tamandua Mirim,,Campo Grande,MS,pele,Etanol,Desbiez A.,Barragen C,,,,,,,,,,,,
RK335,ATR-0718,-,,-,V,,178.5,8/14/2017,Tamandua ,Tamandua tetradactyla,Tamandua Mirim,,Campo Grande,MS,pele,Etanol,Desbiez A.,Barragen C,,,,,,,,,,,,
RK336,ATR-0719,-,,-,V,,53.5,8/14/2017,Tamandua ,Tamandua tetradactyla,Tamandua Mirim,,Campo Grande,MS,pele,Etanol,Desbiez A.,Barragen C,,,,,,,,,,,,
RK340,ATR-0720,-,,-,F,,157.0,8/23/2017,Tamandua ,Tamandua tetradactyla,Tamandua Mirim,,Campo Grande,MS,pele,Etanol,Desbiez A.,Barragen C,,,,,,,,,,,,
RK343,ATR-0721,-,,-,EID,,279.5,8/23/2017,Tamandua ,Tamandua tetradactyla,Tamandua Mirim,,Campo Grande,MS,pele,Etanol,Desbiez A.,Barragen C,,,,,,,,,,,,
RK344,ATR-0722,-,,-,V,,78.5,8/25/2017,Tamandua ,Tamandua tetradactyla,Tamandua Mirim,,Campo Grande,MS,pele,Etanol,Desbiez A.,Barragen C,,,,,,,,,,,,
RK347,ATR-0723,-,,-,EAD,,110.5,8/25/2017,Tamandua ,Tamandua tetradactyla,Tamandua Mirim,,Campo Grande,MS,pele,Etanol,Desbiez A.,Barragen C,,,,,,,,,,,,
RK350,ATR-0724,-,,M,EID,,53.0,8/29/2017,Tamandua ,Tamandua tetradactyla,Tamandua Mirim,,Campo Grande,MS,pele,Etanol,Desbiez A.,Barragen C,,,,,,,,,,,,
RK352,ATR-0725,-,,-,EAD,,25.0,8/29/2017,Tamandua ,Tamandua tetradactyla,Tamandua Mirim,,Campo Grande,MS,pele,Etanol,Desbiez A.,Barragen C,,,,,,,,,,,,
RK356,ATR-0726,-,,-,V,,22.5,8/29/2017,Tamandua ,Tamandua tetradactyla,Tamandua Mirim,,Campo Grande,MS,pele,Etanol,Desbiez A.,Barragen C,,,,,,,,,,,,
RK357,ATR-0727,-,,-,V,,25.5,8/29/2017,Tamandua ,Tamandua tetradactyla,Tamandua Mirim,,Campo Grande,MS,pele,Etanol,Desbiez A.,Barragen C,,,,,,,,,,,,
RK358,ATR-0728,-,,-,EID,,113.5,8/30/2017,Tamandua ,Tamandua tetradactyla,Tamandua Mirim,,Campo Grande,MS,pele,Etanol,Desbiez A.,Barragen C,,,,,,,,,,,,
RK363,ATR-0729,-,,-,EAD,,50.0,09/06/17,Tamandua ,Tamandua tetradactyla,Tamandua Mirim,,Campo Grande,MS,pele,Etanol,Desbiez A.,Barragen C,,,,,,,,,,,,
RK365,ATR-0730,-,,-,EAD,,26.5,09/08/17,Tamandua ,Tamandua tetradactyla,Tamandua Mirim,,Campo Grande,MS,pele,Etanol,Desbiez A.,Barragen C,,,,,,,,,,,,
RK372,ATR-0731,-,,M,EID,,27.0,09/11/17,Tamandua ,Tamandua tetradactyla,Tamandua Mirim,,Campo Grande,MS,pele,Etanol,Desbiez A.,Barragen C,,,,,,,,,,,,
RK373,ATR-0732,-,,-,V,,15.8,09/11/17,Tamandua ,Tamandua tetradactyla,Tamandua Mirim,,Campo Grande,MS,pele,Etanol,Desbiez A.,Barragen C,,,,,,,,,,,,
RK381,ATR-0733,-,,-,EAD,,102.5,9/26/2017,Tamandua ,Tamandua tetradactyla,Tamandua Mirim,,Campo Grande,MS,pele,Etanol,Desbiez A.,Barragen C,,,,,,,,,,,,
RK383,ATR-0734,-,,-,EAD,,41.0,9/26/2017,Tamandua ,Tamandua tetradactyla,Tamandua Mirim,,Campo Grande,MS,pele,Etanol,Desbiez A.,Barragen C,,,,,,,,,,,,
RK385,ATR-0735,-,,-,EAD,,27.0,9/26/2017,Tamandua ,Tamandua tetradactyla,Tamandua Mirim,,Campo Grande,MS,pele,Etanol,Desbiez A.,Barragen C,,,,,,,,,,,,
RK388,ATR-0736,-,,-,EAD,,1827.0,10/03/17,Tamandua ,Tamandua tetradactyla,Tamandua Mirim,,Campo Grande,MS,pele,Etanol,Desbiez A.,Barragen C,,,,,,,,,,,,
RK391,ATR-0737,-,,-,V,,54.0,10/04/17,Tamandua ,Tamandua tetradactyla,Tamandua Mirim,,Campo Grande,MS,pele,Etanol,Desbiez A.,Barragen C,,,,,,,,,,,,
RK396,ATR-0738,-,,-,EID,,58.5,10/10/17,Tamandua ,Tamandua tetradactyla,Tamandua Mirim,,Campo Grande,MS,pele,Etanol,Desbiez A.,Barragen C,,,,,,,,,,,,
RK403,ATR-0739,-,,-,EAD,,115.0,10/16/2017,Tamandua ,Tamandua tetradactyla,Tamandua Mirim,,Campo Grande,MS,pele,Etanol,Desbiez A.,Barragen C,,,,,,,,,,,,
RK408,ATR-0740,-,,-,V,,44.0,10/18/2017,Tamandua ,Tamandua tetradactyla,Tamandua Mirim,,Campo Grande,MS,pele,Etanol,Desbiez A.,Barragen C,,,,,,,,,,,,
RK412,ATR-0741,-,,-,EAD,,99.0,10/18/2017,Tamandua ,Tamandua tetradactyla,Tamandua Mirim,,Campo Grande,MS,pele,Etanol,Desbiez A.,Barragen C,,,,,,,,,,,,
RK414,ATR-0742,-,,-,EAD,,87.0,10/18/2017,Tamandua ,Tamandua tetradactyla,Tamandua Mirim,,Campo Grande,MS,pele,Etanol,Desbiez A.,Barragen C,,,,,,,,,,,,
RK300,ATR-0743,-,,-,-,,85.0,,-,,,-,,,,-,,,,,-,,,,Campo Grande,MS,pele,Etanol,Desbiez A.,Barragen C
TB-17,ATR-0744,-,,M,Biopsia de orelha,77.5,7/19/2017,Myrmecophaga ,Myrmecophaga tridactyla,Tamandua Bandeira,,Campo Grande,MS,pele,Etanol,Desbiez A.,Barragen C,,,,,,,,,,,,,
TB-20,ATR-0745,-,,F,Biopsia de orelha,70.0,7/22/2017,Myrmecophaga ,Myrmecophaga tridactyla,Tamandua Bandeira,,Campo Grande,MS,pele,Etanol,Desbiez A.,Barragen C,,,,,,,,,,,,,
TB-19,ATR-0746,-,,M,Biopsia de orelha,56.5,7/21/2017,Myrmecophaga ,Myrmecophaga tridactyla,Tamandua Bandeira,,Campo Grande,MS,pele,Etanol,Desbiez A.,Barragen C,,,,,,,,,,,,,
TB-18,ATR-0747,-,,M,Biopsia de orelha,51.0,7/20/2017,Myrmecophaga ,Myrmecophaga tridactyla,Tamandua Bandeira,,Campo Grande,MS,pele,Etanol,Desbiez A.,Barragen C,,,,,,,,,,,,,
RK415,ATR-0748,-,,-,EAD,,32.0,10/23/2017,Myrmecophaga ,Myrmecophaga tridactyla,Tamandua Bandeira,,Campo Grande,MS,pele,Etanol,Desbiez A.,Barragen C,,,,,,,,,,,,
RK416,ATR-0749,-,,-,EAD,,7.5,,10/23/2017,Myrmecophaga ,Myrmecophaga tridactyla,Tamandua Bandeira,,Campo Grande,MS,pele,Etanol,Desbiez A.,Barragen C,,,,,,,,,,,
RK417,ATR-0750,-,,-,EAD,,277.5,10/23/2017,Tamandua ,,,Tamandua tetradactyla,Tamandua Mirim,,Campo Grande,MS,pele,Etanol,Desbiez A.,Barragen C,,,,,,,,,,
RK418,ATR-0751,-,,-,EAD,,75.0,10/23/2017,Myrmecophaga ,Myrmecophaga tridactyla,Tamandua Bandeira,,Campo Grande,MS,pele,Etanol,Desbiez A.,Barragen C,,,,,,,,,,,,
RK419,ATR-0752,-,,M,EID,,156.5,10/23/2017,Myrmecophaga ,Myrmecophaga tridactyla,Tamandua Bandeira,,Campo Grande,MS,pele,Etanol,Desbiez A.,Barragen C,,,,,,,,,,,,
RK423,ATR-0753,-,,F,EID,,428.0,10/24/2017,Tamandua ,Tamandua tetradactyla,Tamandua Mirim,,Campo Grande,MS,pele,Etanol,Desbiez A.,Barragen C,,,,,,,,,,,,
RK424,ATR-0754,-,,-,EID,,494.5,10/24/2017,Tamandua ,Tamandua tetradactyla,Tamandua Mirim,,Campo Grande,MS,pele,Etanol,Desbiez A.,Barragen C,,,,,,,,,,,,
RK425,ATR-0755,-,,-,V,,82,,10/24/2017,Tamandua ,Tamandua tetradactyla,Tamandua Mirim,,Campo Grande,MS,pele,Etanol,Desbiez A.,Barragen C,,,,,,,,,,,
RK427,ATR-0756,-,,F,EID,,557.5,10/24/2017,Tamandua ,Tamandua tetradactyla,Tamandua Mirim,,Campo Grande,MS,pele,Etanol,Desbiez A.,Barragen C,,,,,,,,,,,,
RK430,ATR-0757,-,,F,EID,,2975,9/19/2017,Myrmecophaga ,Myrmecophaga tridactyla,Tamandua Bandeira,,Campo Grande,MS,pele,Etanol,Desbiez A.,Barragen C,,,,,,,,,,,,
RK431,ATR-0758,-,,-,V,,46.5,10/31/2017,Myrmecophaga ,Myrmecophaga tridactyla,Tamandua Bandeira,,Campo Grande,MS,pele,Etanol,Desbiez A.,Barragen C,,,,,,,,,,,,
RK432,ATR-0759,-,,-,V,,31,,10/31/2017,Tamandua ,Tamandua tetradactyla,Tamandua Mirim,,Campo Grande,MS,pele,Etanol,Desbiez A.,Barragen C,,,,,,,,,,,
RK433,ATR-0760,-,,-,EAD,,9.6,,11/06/17,Myrmecophaga ,Myrmecophaga tridactyla,Tamandua Bandeira,,Campo Grande,MS,pele,Etanol,Desbiez A.,Barragen C,,,,,,,,,,,
RK434,ATR-0761,-,,-,EAD,,21.5,11/07/17,Tamandua ,Tamandua tetradactyla,Tamandua Mirim,,Campo Grande,MS,pele,Etanol,Desbiez A.,Barragen C,,,,,,,,,,,,
RK435,ATR-0762,-,,-,EAD,,203,,11/07/17,Tamandua ,Tamandua tetradactyla,Tamandua Mirim,,Campo Grande,MS,pele,Etanol,Desbiez A.,Barragen C,,,,,,,,,,,
RK436,ATR-0763,-,,-,F,,412.5,,11/07/17,Tamandua ,Tamandua tetradactyla,Tamandua Mirim,,Campo Grande,MS,pele,Etanol,Desbiez A.,Barragen C,,,,,,,,,,,
RK437,ATR-0764,-,,-,EAD,,-,,11/07/17,Tamandua ,Tamandua tetradactyla,Tamandua Mirim,,Campo Grande,MS,pele,Etanol,Desbiez A.,Barragen C,,,,,,,,,,,
RK439,ATR-0765,-,,-,EAD,,-,,11/14/2017,Myrmecophaga ,Myrmecophaga tridactyla,Tamandua Bandeira,,Campo Grande,MS,pele,Etanol,Desbiez A.,Barragen C,,,,,,,,,,,
RK440,ATR-0766,-,,-,EAD,,134,,11/14/2017,Tamandua ,Tamandua tetradactyla,Tamandua Mirim,,Campo Grande,MS,pele,Etanol,Desbiez A.,Barragen C,,,,,,,,,,,
RK441,ATR-0767,-,,-,EAD,,126,,11/14/2017,Myrmecophaga ,Myrmecophaga tridactyla,Tamandua Bandeira,,Campo Grande,MS,pele,Etanol,Desbiez A.,Barragen C,,,,,,,,,,,
RK442,ATR-0768,-,,-,V,,26.5,11/20/2017,Tamandua ,Tamandua tetradactyla,Tamandua Mirim,,Campo Grande,MS,pele,Etanol,Desbiez A.,Barragen C,,,,,,,,,,,,
RK443,ATR-0769,-,,-,V,,71,,11/21/2017,Tamandua ,Tamandua tetradactyla,Tamandua Mirim,,Campo Grande,MS,pele,Etanol,Desbiez A.,Barragen C,,,,,,,,,,,
RK444,ATR-0770,-,,-,V,,14.8,11/28/2017,Myrmecophaga ,Myrmecophaga tridactyla,Tamandua Bandeira,,Campo Grande,MS,pele,Etanol,Desbiez A.,Barragen C,,,,,,,,,,,,
RK445,ATR-0771,-,,-,EAD,,55.5,11/28/2017,Tamandua ,Tamandua tetradactyla,Tamandua Mirim,,Campo Grande,MS,pele,Etanol,Desbiez A.,Barragen C,,,,,,,,,,,,
RK446,ATR-0772,-,,-,V,,53,,11/28/2017,Tamandua ,Tamandua tetradactyla,Tamandua Mirim,,Campo Grande,MS,pele,Etanol,Desbiez A.,Barragen C,,,,,,,,,,,
RK447,ATR-0773,-,,-,V,,336.5,11/28/2017,Tamandua ,Tamandua tetradactyla,Tamandua Mirim,,Campo Grande,MS,pele,Etanol,Desbiez A.,Barragen C,,,,,,,,,,,,
RK448,ATR-0774,-,,-,V,,203.5,11/28/2017,Tamandua ,Tamandua tetradactyla,Tamandua Mirim,,Campo Grande,MS,pele,Etanol,Desbiez A.,Barragen C,,,,,,,,,,,,
RK450,ATR-0775,-,,-,EAD,,34.5,11/21/2017,Myrmecophaga ,Myrmecophaga tridactyla,Tamandua Bandeira,,Campo Grande,MS,pele,Etanol,Desbiez A.,Barragen C,,,,,,,,,,,,
RK454,ATR-0776,-,,-,EID,,268.5,12/07/17,Tamandua ,Tamandua tetradactyla,Tamandua Mirim,,Campo Grande,MS,pele,Etanol,Desbiez A.,Barragen C,,,,,,,,,,,,
RK455,ATR-0777,-,,-,V,,54,,12/07/17,Myrmecophaga ,Myrmecophaga tridactyla,Tamandua Bandeira,,Campo Grande,MS,pele,Etanol,Desbiez A.,Barragen C,,,,,,,,,,,
RK456,ATR-0778,-,,F,EAD,,83.5,11/07/17,Myrmecophaga ,Myrmecophaga tridactyla,Tamandua Bandeira,,Campo Grande,MS,pele,Etanol,Desbiez A.,Barragen C,,,,,,,,,,,,
RK461,ATR-0779,-,,-,EAD,,4.7,,12/10/17,Myrmecophaga ,Myrmecophaga tridactyla,Tamandua Bandeira,,Campo Grande,MS,pele,Etanol,Desbiez A.,Barragen C,,,,,,,,,,,
RK462,ATR-0780,-,,-,V,,17.5,12/10/17,Tamandua ,Tamandua tetradactyla,Tamandua Mirim,,Campo Grande,MS,pele,Etanol,Desbiez A.,Barragen C,,,,,,,,,,,,
RK464,ATR-0781,-,,-,V,,19,,12/13/2017,Myrmecophaga ,Myrmecophaga tridactyla,Tamandua Bandeira,,Campo Grande,MS,pele,Etanol,Desbiez A.,Barragen C,,,,,,,,,,,
RK465,ATR-0782,-,,-,EAD,,102.5,12/13/2017,Myrmecophaga ,Myrmecophaga tridactyla,Tamandua Bandeira,,Campo Grande,MS,pele,Etanol,Desbiez A.,Barragen C,,,,,,,,,,,,
RK466,ATR-0783,-,,-,EAD,,52.5,12/18/2017,Tamandua ,Tamandua tetradactyla,Tamandua Mirim,,Campo Grande,MS,pele,Etanol,Desbiez A.,Barragen C,,,,,,,,,,,,
RK467,ATR-0784,-,,-,V,,71.5,12/18/2017,Tamandua ,Tamandua tetradactyla,Tamandua Mirim,,Campo Grande,MS,pele,Etanol,Desbiez A.,Barragen C,,,,,,,,,,,,
RK468,ATR-0785,-,,-,EID,,148.5,12/18/2017,Myrmecophaga ,Myrmecophaga tridactyla,Tamandua Bandeira,,Campo Grande,MS,pele,Etanol,Desbiez A.,Barragen C,,,,,,,,,,,,
RK469,ATR-0786,-,,-,V,,76.5,12/18/2017,Tamandua ,Tamandua tetradactyla,Tamandua Mirim,,Campo Grande,MS,pele,Etanol,Desbiez A.,Barragen C,,,,,,,,,,,,
RK470,ATR-0787,-,,F,EAD,,96.5,12/18/2017,Myrmecophaga ,Myrmecophaga tridactyla,Tamandua Bandeira,,Campo Grande,MS,pele,Etanol,Desbiez A.,Barragen C,,,,,,,,,,,,
RK471,ATR-0788,-,,-,EAD,,53,,12/18/2017,Myrmecophaga ,Myrmecophaga tridactyla,Tamandua Bandeira,,Campo Grande,MS,pele,Etanol,Desbiez A.,Barragen C,,,,,,,,,,,
RK472,ATR-0789,-,,-,F,,327,,12/19/2017,Tamandua ,Tamandua tetradactyla,Tamandua Mirim,,Campo Grande,MS,pele,Etanol,Desbiez A.,Barragen C,,,,,,,,,,,
RK473,ATR-0790,-,,M,EID,,141.5,12/19/2017,Myrmecophaga ,Myrmecophaga tridactyla,Tamandua Bandeira,,Campo Grande,MS,pele,Etanol,Desbiez A.,Barragen C,,,,,,,,,,,,
RK474,ATR-0791,-,,-,EID,,255,,12/19/2017,Tamandua ,Tamandua tetradactyla,Tamandua Mirim,,Campo Grande,MS,pele,Etanol,Desbiez A.,Barragen C,,,,,,,,,,,
RK482,ATR-0792,-,,F,EAD,,11.9,12/23/2017,Tamandua ,Tamandua tetradactyla,Tamandua Mirim,,Campo Grande,MS,pele,Etanol,Desbiez A.,Barragen C,,,,,,,,,,,,
RK483,ATR-0793,-,,-,EAD,,883,,12/23/2017,Myrmecophaga ,Myrmecophaga tridactyla,Tamandua Bandeira,,Campo Grande,MS,pele,Etanol,Desbiez A.,Barragen C,,,,,,,,,,,
RK484,ATR-0794,-,,F,EAD,,90,,12/23/2017,Tamandua ,Tamandua tetradactyla,Tamandua Mirim,,Campo Grande,MS,pele,Etanol,Desbiez A.,Barragen C,,,,,,,,,,,
RK485,ATR-0795,-,,-,EAD,,47,,12/23/2017,Tamandua ,Tamandua tetradactyla,Tamandua Mirim,,Campo Grande,MS,pele,Etanol,Desbiez A.,Barragen C,,,,,,,,,,,
RK486,ATR-0796,-,,-,EAD,,-,,12/23/2017,Tamandua ,Tamandua tetradactyla,Tamandua Mirim,,Campo Grande,MS,pele,Etanol,Desbiez A.,Barragen C,,,,,,,,,,,
RK478,ATR-0797,-,,-,EAD,,-,,12/20/2017,Myrmecophaga ,Myrmecophaga tridactyla,Tamandua-bandeira,,Campo Grande,MS,pele,Etanol,Desbiez A.,Barragen C,,,,,,,,,,,
RK479,ATR-0798,-,,-,EAD,,-,,12/20/2017,Myrmecophaga ,Myrmecophaga tridactyla,Tamandua-bandeira,,Campo Grande,MS,pele,Etanol,Desbiez A.,Barragen C,,,,,,,,,,,
RK480,ATR-0799,-,,-,EAD,,-,,12/20/2017,Tamandua ,Tamandua tetradactyla,Tamandua Mirim,,Campo Grande,MS,pele,Etanol,Desbiez A.,Barragen C,,,,,,,,,,,
RK487,ATR-0800,-,,-,V,,-,,01/03/18,Tamandua ,Tamandua tetradactyla,Tamandua Mirim,,Campo Grande,MS,pele,Etanol,Desbiez A.,Barragen C,,,,,,,,,,,
RK489,ATR-0801,-,,-,EAD,,-,,01/03/18,Myrmecophaga ,Myrmecophaga tridactyla,Tamandua-bandeira,,Campo Grande,MS,pele,Etanol,Desbiez A.,Barragen C,,,,,,,,,,,
RK490,ATR-0802,-,,-,V,,-,,01/04/18,Myrmecophaga ,Myrmecophaga tridactyla,Tamandua-bandeira,,Campo Grande,MS,pele,Etanol,Desbiez A.,Barragen C,,,,,,,,,,,
RK491,ATR-0803,-,,-,EAD,,-,,01/04/18,Tamandua ,Tamandua tetradactyla,Tamandua Mirim,,Campo Grande,MS,pele,Etanol,Desbiez A.,Barragen C,,,,,,,,,,,
RK494,ATR-0804,-,,-,EAD,,-,,1/15/2018,Myrmecophaga ,Myrmecophaga tridactyla,Tamandua-bandeira,,Campo Grande,MS,pele,Etanol,Desbiez A.,Barragen C,,,,,,,,,,,
RK495,ATR-0805,-,,-,EAD,,-,,1/15/2018,Myrmecophaga ,Myrmecophaga tridactyla,Tamandua-bandeira,,Campo Grande,MS,pele,Etanol,Desbiez A.,Barragen C,,,,,,,,,,,
RK496,ATR-0806,-,,-,EAD,,-,,1/16/2018,Tamandua ,Tamandua tetradactyla,Tamandua Mirim,,Campo Grande,MS,pele,Etanol,Desbiez A.,Barragen C,,,,,,,,,,,
RK497,ATR-0807,-,,M,EID,,-,,1/16/2018,Myrmecophaga ,Myrmecophaga tridactyla,Tamandua-bandeira,,Campo Grande,MS,pele,Etanol,Desbiez A.,Barragen C,,,,,,,,,,,
RK499,ATR-0808,-,,-,EAD,,-,,1/22/2018,Tamandua ,Tamandua tetradactyla,Tamandua Mirim,,Campo Grande,MS,pele,Etanol,Desbiez A.,Barragen C,,,,,,,,,,,
RK500,ATR-0809,-,,-,EAD,,-,,1/22/2018,Myrmecophaga ,Myrmecophaga tridactyla,Tamandua-bandeira,,Campo Grande,MS,pele,Etanol,Desbiez A.,Barragen C,,,,,,,,,,,
RK501,ATR-0810,-,,-,EAD,,-,,1/22/2018,Myrmecophaga ,Myrmecophaga tridactyla,Tamandua-bandeira,,Campo Grande,MS,pele,Etanol,Desbiez A.,Barragen C,,,,,,,,,,,
RK502,ATR-0811,-,,-,V,,-,,1/22/2018,Myrmecophaga ,Myrmecophaga tridactyla,Tamandua-bandeira,,Campo Grande,MS,pele,Etanol,Desbiez A.,Barragen C,,,,,,,,,,,
RK503,ATR-0812,-,,-,EAD,,-,,1/22/2018,Myrmecophaga ,Myrmecophaga tridactyla,Tamandua-bandeira,,Campo Grande,MS,pele,Etanol,Desbiez A.,Barragen C,,,,,,,,,,,
RK505,ATR-0813,-,,-,V,,-,,1/29/2018,Tamandua ,Tamandua tetradactyla,Tamandua Mirim,,Campo Grande,MS,pele,Etanol,Desbiez A.,Barragen C,,,,,,,,,,,
RK507,ATR-0814,-,,-,EAD,,-,,1/29/2018,Tamandua ,Tamandua tetradactyla,Tamandua Mirim,,Campo Grande,MS,pele,Etanol,Desbiez A.,Barragen C,,,,,,,,,,,
RK508,ATR-0815,-,,-,EAD,,-,,1/29/2018,Tamandua ,Tamandua tetradactyla,Tamandua Mirim,,Campo Grande,MS,pele,Etanol,Desbiez A.,Barragen C,,,,,,,,,,,
RK509,ATR-0816,-,,M,EID,,-,,1/29/2018,Tamandua ,Tamandua tetradactyla,Tamandua Mirim,,Campo Grande,MS,pele,Etanol,Desbiez A.,Barragen C,,,,,,,,,,,
RK510,ATR-0817,-,,-,EAD,,-,,1/29/2018,Myrmecophaga ,Myrmecophaga tridactyla,Tamandua-bandeira,,Campo Grande,MS,pele,Etanol,Desbiez A.,Barragen C,,,,,,,,,,,
RK511,ATR-0818,-,,-,V,,-,,1/29/2018,Tamandua ,Tamandua tetradactyla,Tamandua Mirim,,Campo Grande,MS,pele,Etanol,Desbiez A.,Barragen C,,,,,,,,,,,
RK512,ATR-0819,NEC55,M,F,,-,,1/31/2018,Myrmecophaga ,Myrmecophaga tridactyla,Tamandua-bandeira,,Campo Grande,MS,pele,Etanol,Desbiez A.,Barragen C,,,,,,,,,,,,
RK516,ATR-0820,-,,-,V,,-,,1/31/2018,Myrmecophaga ,Myrmecophaga tridactyla,Tamandua-bandeira,,Campo Grande,MS,pele,Etanol,Desbiez A.,Barragen C,,,,,,,,,,,
RK517,ATR-0821,-,,-,V,,-,,02/05/18,Tamandua ,Tamandua tetradactyla,Tamandua Mirim,,Campo Grande,MS,pele,Etanol,Desbiez A.,Barragen C,,,,,,,,,,,
RK518,ATR-0822,-,,-,EAD,,-,,02/06/18,Myrmecophaga ,Myrmecophaga tridactyla,Tamandua-bandeira,,Campo Grande,MS,pele,Etanol,Desbiez A.,Barragen C,,,,,,,,,,,
RK519,ATR-0823,-,,-,V,,-,,02/06/18,Myrmecophaga ,Myrmecophaga tridactyla,Tamandua-bandeira,,Campo Grande,MS,pele,Etanol,Desbiez A.,Barragen C,,,,,,,,,,,
RK520,ATR-0824,-,,M,F,,-,,02/07/18,Tamandua ,Tamandua tetradactyla,Tamandua Mirim,,Campo Grande,MS,pele,Etanol,Desbiez A.,Barragen C,,,,,,,,,,,
RK521,ATR-0825,-,,-,V,,-,,02/07/18,Myrmecophaga ,Myrmecophaga tridactyla,Tamandua-bandeira,,Campo Grande,MS,pele,Etanol,Desbiez A.,Barragen C,,,,,,,,,,,
RK522,ATR-0826,-,,-,V,,-,,02/07/18,Myrmecophaga ,Myrmecophaga tridactyla,Tamandua-bandeira,,Campo Grande,MS,pele,Etanol,Desbiez A.,Barragen C,,,,,,,,,,,
RK523,ATR-0827,-,,-,V,,-,,02/07/18,Myrmecophaga ,Myrmecophaga tridactyla,Tamandua-bandeira,,Campo Grande,MS,pele,Etanol,Desbiez A.,Barragen C,,,,,,,,,,,
RK526,ATR-0828,-,,-,EAD,,-,,02/07/18,Myrmecophaga ,Myrmecophaga tridactyla,Tamandua-bandeira,,Campo Grande,MS,pele,Etanol,Desbiez A.,Barragen C,,,,,,,,,,,
RK528,ATR-0829,-,,M,F,,-,,1/30/2018,Tamandua ,Tamandua tetradactyla,Tamandua Mirim,,Campo Grande,MS,pele,Etanol,Desbiez A.,Barragen C,,,,,,,,,,,
RK529,ATR-0830,-,,-,V,,-,,02/12/18,Myrmecophaga ,Myrmecophaga tridactyla,Tamandua-bandeira,,Campo Grande,MS,pele,Etanol,Desbiez A.,Barragen C,,,,,,,,,,,
RK530,ATR-0831,-,,-,EAD,,-,,02/12/18,Tamandua ,Tamandua tetradactyla,Tamandua Mirim,,Campo Grande,MS,pele,Etanol,Desbiez A.,Barragen C,,,,,,,,,,,
RK531,ATR-0832,-,,-,EAD,,-,,02/12/18,Myrmecophaga ,Myrmecophaga tridactyla,Tamandua-bandeira,,Campo Grande,MS,pele,Etanol,Desbiez A.,Barragen C,,,,,,,,,,,
RK532,ATR-0833,-,,-,EAD,,-,,02/12/18,Tamandua ,Tamandua tetradactyla,Tamandua Mirim,,Campo Grande,MS,pele,Etanol,Desbiez A.,Barragen C,,,,,,,,,,,
RK533,ATR-0834,NEC56,F,F,,-,,02/12/18,Tamandua ,Tamandua tetradactyla,Tamandua Mirim,,Campo Grande,MS,pele,Etanol,Desbiez A.,Barragen C,,,,,,,,,,,,
RK534,ATR-0835,-,,-,EAD,,-,,02/12/18,Tamandua ,Tamandua tetradactyla,Tamandua Mirim,,Campo Grande,MS,pele,Etanol,Desbiez A.,Barragen C,,,,,,,,,,,
RK535,ATR-0836,-,,-,EAD,,-,,02/12/18,Tamandua ,Tamandua tetradactyla,Tamandua Mirim,,Campo Grande,MS,pele,Etanol,Desbiez A.,Barragen C,,,,,,,,,,,
RK536,ATR-0837,NEC60,-,F,,-,,2/13/2018,Tamandua ,Tamandua tetradactyla,Tamandua Mirim,,Campo Grande,MS,pele,Etanol,Desbiez A.,Barragen C,,,,,,,,,,,,
RK537,ATR-0838,-,,-,EAD,,-,,2/13/2018,Tamandua ,Tamandua tetradactyla,Tamandua Mirim,,Campo Grande,MS,pele,Etanol,Desbiez A.,Barragen C,,,,,,,,,,,
RK540,ATR-0839,-,,-,0,,-,,2/14/2018,Tamandua ,Tamandua tetradactyla,Tamandua Mirim,,Campo Grande,MS,pele,Etanol,Desbiez A.,Barragen C,,,,,,,,,,,
RK541,ATR-0840,-,,-,EAD,,-,,2/14/2018,Myrmecophaga ,Myrmecophaga tridactyla,Tamandua-bandeira,,Campo Grande,MS,pele,Etanol,Desbiez A.,Barragen C,,,,,,,,,,,
RK542,ATR-0841,-,,-,EAD,,-,,2/14/2018,Tamandua ,Tamandua tetradactyla,Tamandua Mirim,,Campo Grande,MS,pele,Etanol,Desbiez A.,Barragen C,,,,,,,,,,,
RK543,ATR-0842,-,,-,EAD,,-,,2/15/2018,Myrmecophaga ,Myrmecophaga tridactyla,Tamandua-bandeira,,Campo Grande,MS,pele,Etanol,Desbiez A.,Barragen C,,,,,,,,,,,
RK545,ATR-0843,NEC58,M,F,,-,,2/21/2018,Myrmecophaga ,Myrmecophaga tridactyla,Tamandua-bandeira,,Campo Grande,MS,pele,Etanol,Desbiez A.,Barragen C,,,,,,,,,,,,
RK549,ATR-0844,-,,-,EAD,,-,,2/22/2018,Tamandua ,Tamandua tetradactyla,Tamandua Mirim,,Campo Grande,MS,pele,Etanol,Desbiez A.,Barragen C,,,,,,,,,,,
RK550,ATR-0845,-,,-,EAD,,-,,2/22/2018,Tamandua ,Tamandua tetradactyla,Tamandua Mirim,,Campo Grande,MS,pele,Etanol,Desbiez A.,Barragen C,,,,,,,,,,,
RK552,ATR-0846,NEC61,M,EID,,-,,2/25/2018,Myrmecophaga ,Myrmecophaga tridactyla,Tamandua-bandeira,,Campo Grande,MS,pele,Etanol,Desbiez A.,Barragen C,,,,,,,,,,,,
RK553,ATR-0847,NEC62,M,EID,,-,,2/25/2018,Myrmecophaga ,Myrmecophaga tridactyla,Tamandua-bandeira,,Campo Grande,MS,pele,Etanol,Desbiez A.,Barragen C,,,,,,,,,,,,
RK554,ATR-0848,-,,M,EID,,-,,2/26/2018,Myrmecophaga ,Myrmecophaga tridactyla,Tamandua-bandeira,,Campo Grande,MS,pele,Etanol,Desbiez A.,Barragen C,,,,,,,,,,,
RK555,ATR-0849,-,,-,V,,-,,2/26/2018,Tamandua ,Tamandua tetradactyla,Tamandua Mirim,,Campo Grande,MS,pele,Etanol,Desbiez A.,Barragen C,,,,,,,,,,,
RK558,ATR-0850,-,,-,V,,-,,2/26/2018,Tamandua ,Tamandua tetradactyla,Tamandua Mirim,,Campo Grande,MS,pele,Etanol,Desbiez A.,Barragen C,,,,,,,,,,,
RK559,ATR-0851,-,,-,EAD,,-,,2/26/2018,Myrmecophaga ,Myrmecophaga tridactyla,Tamandua-bandeira,,Campo Grande,MS,pele,Etanol,Desbiez A.,Barragen C,,,,,,,,,,,
RK560,ATR-0852,-,,-,EAD,,-,,2/27/2018,Myrmecophaga ,Myrmecophaga tridactyla,Tamandua-bandeira,,Campo Grande,MS,pele,Etanol,Desbiez A.,Barragen C,,,,,,,,,,,
RK561,ATR-0853,-,,-,EAD,,-,,2/27/2018,Tamandua ,Tamandua tetradactyla,Tamandua Mirim,,Campo Grande,MS,pele,Etanol,Desbiez A.,Barragen C,,,,,,,,,,,
RK562,ATR-0854,-,,-,EAD,,-,,2/27/2018,Tamandua ,Tamandua tetradactyla,Tamandua Mirim,,Campo Grande,MS,pele,Etanol,Desbiez A.,Barragen C,,,,,,,,,,,
RK563,ATR-0855,-,,-,F,,-,,03/05/18,Tamandua ,Tamandua tetradactyla,Tamandua Mirim,,Campo Grande,MS,pele,Etanol,Desbiez A.,Barragen C,,,,,,,,,,,
RK564,ATR-0856,-,,-,V,,-,,03/07/18,Myrmecophaga ,Myrmecophaga tridactyla,Tamandua-bandeira,,Campo Grande,MS,pele,Etanol,Desbiez A.,Barragen C,,,,,,,,,,,
RK565,ATR-0857,-,,M,F,,-,,03/07/18,Myrmecophaga ,Myrmecophaga tridactyla,Tamandua-bandeira,,Campo Grande,MS,pele,Etanol,Desbiez A.,Barragen C,,,,,,,,,,,
RK566,ATR-0858,-,,-,EAD,,-,,03/12/17,Myrmecophaga ,Myrmecophaga tridactyla,Tamandua-bandeira,,Campo Grande,MS,pele,Etanol,Desbiez A.,Barragen C,,,,,,,,,,,
RK567,ATR-0859,-,,M,EID,,-,,03/12/17,Myrmecophaga ,Myrmecophaga tridactyla,Tamandua-bandeira,,Campo Grande,MS,pele,Etanol,Desbiez A.,Barragen C,,,,,,,,,,,
RK568,ATR-0860,-,,-,V,,-,,3/13/2017,Tamandua ,Tamandua tetradactyla,Tamandua Mirim,,Campo Grande,MS,pele,Etanol,Desbiez A.,Barragen C,,,,,,,,,,,
RK570,ATR-0861,-,,-,EAD,,-,,3/13/2017,Tamandua ,Tamandua tetradactyla,Tamandua Mirim,,Campo Grande,MS,pele,Etanol,Desbiez A.,Barragen C,,,,,,,,,,,
RK571,ATR-0862,-,,-,EAD,,-,,3/13/2017,Tamandua ,Tamandua tetradactyla,Tamandua Mirim,,Campo Grande,MS,pele,Etanol,Desbiez A.,Barragen C,,,,,,,,,,,
RK576,ATR-0863,-,,-,V,,-,,3/14/2017,Tamandua ,Tamandua tetradactyla,Tamandua Mirim,,Campo Grande,MS,pele,Etanol,Desbiez A.,Barragen C,,,,,,,,,,,
RK577,ATR-0864,NEC63,M,F,,-,,3/14/2017,Myrmecophaga ,Myrmecophaga tridactyla,Tamandua-bandeira,,Campo Grande,MS,pele,Etanol,Desbiez A.,Barragen C,,,,,,,,,,,,
RK578,ATR-0865,-,,-,EAD,,-,,3/19/2018,Myrmecophaga ,Myrmecophaga tridactyla,Tamandua-bandeira,,Campo Grande,MS,pele,Etanol,Desbiez A.,Barragen C,,,,,,,,,,,
RK579,ATR-0866,-,,-,EAD,,-,,3/19/2018,Tamandua ,Tamandua tetradactyla,Tamandua Mirim,,Campo Grande,MS,pele,Etanol,Desbiez A.,Barragen C,,,,,,,,,,,
RK580,ATR-0867,-,,-,EAD,,-,,3/20/2018,Myrmecophaga ,Myrmecophaga tridactyla,Tamandua-bandeira,,Campo Grande,MS,pele,Etanol,Desbiez A.,Barragen C,,,,,,,,,,,
RK581,ATR-0868,-,,-,EAD,,-,,3/20/2018,Myrmecophaga ,Myrmecophaga tridactyla,Tamandua-bandeira,,Campo Grande,MS,pele,Etanol,Desbiez A.,Barragen C,,,,,,,,,,,
RK582,ATR-0869,-,,-,EAD,,-,,3/20/2018,Tamandua ,Tamandua tetradactyla,Tamandua Mirim,,Campo Grande,MS,pele,Etanol,Desbiez A.,Barragen C,,,,,,,,,,,
RK583,ATR-0870,NEC64,F,F,,-,,3/26/2018,Myrmecophaga ,Myrmecophaga tridactyla,Tamandua-bandeira,,Campo Grande,MS,pele,Etanol,Desbiez A.,Barragen C,,,,,,,,,,,,
RK584,ATR-0871,-,,-,V,,-,,3/26/2018,Tamandua ,Tamandua tetradactyla,Tamandua Mirim,,Campo Grande,MS,pele,Etanol,Desbiez A.,Barragen C,,,,,,,,,,,
RK585,ATR-0872,-,,M,EAD,,-,,3/26/2018,Myrmecophaga ,Myrmecophaga tridactyla,Tamandua-bandeira,,Campo Grande,MS,pele,Etanol,Desbiez A.,Barragen C,,,,,,,,,,,
RK586,ATR-0873,-,,-,V,,-,,3/26/2018,Myrmecophaga ,Myrmecophaga tridactyla,Tamandua-bandeira,,Campo Grande,MS,pele,Etanol,Desbiez A.,Barragen C,,,,,,,,,,,
RK587,ATR-0874,-,,-,V,,-,,3/26/2018,Myrmecophaga ,Myrmecophaga tridactyla,Tamandua-bandeira,,Campo Grande,MS,pele,Etanol,Desbiez A.,Barragen C,,,,,,,,,,,
RK588,ATR-0875,-,,-,V,,-,,3/26/2018,Myrmecophaga ,Myrmecophaga tridactyla,Tamandua-bandeira,,Campo Grande,MS,pele,Etanol,Desbiez A.,Barragen C,,,,,,,,,,,
RK591,ATR-0876,-,,M,EAD,,-,,3/27/2018,Tamandua ,Tamandua tetradactyla,Tamandua Mirim,,Campo Grande,MS,pele,Etanol,Desbiez A.,Barragen C,,,,,,,,,,,
RK592,ATR-0877,-,,F,EID,,-,,3/27/2018,Myrmecophaga ,Myrmecophaga tridactyla,Tamandua-bandeira,,Campo Grande,MS,pele,Etanol,Desbiez A.,Barragen C,,,,,,,,,,,
RK593,ATR-0878,-,,-,V,,-,,3/27/2018,Myrmecophaga ,Myrmecophaga tridactyla,Tamandua-bandeira,,Campo Grande,MS,pele,Etanol,Desbiez A.,Barragen C,,,,,,,,,,,
RK594,ATR-0879,-,,M,EID,,-,,3/27/2018,Myrmecophaga ,Myrmecophaga tridactyla,Tamandua-bandeira,,Campo Grande,MS,pele,Etanol,Desbiez A.,Barragen C,,,,,,,,,,,
RK595,ATR-0880,-,,-,EAD,,-,,3/27/2018,Tamandua ,Tamandua tetradactyla,Tamandua Mirim,,Campo Grande,MS,pele,Etanol,Desbiez A.,Barragen C,,,,,,,,,,,
RK597,ATR-0881,-,,-,V,,-,,3/27/2018,Myrmecophaga ,Myrmecophaga tridactyla,Tamandua-bandeira,,Campo Grande,MS,pele,Etanol,Desbiez A.,Barragen C,,,,,,,,,,,
RK598,ATR-0882,-,,-,EAD,,-,,3/27/2018,Tamandua ,Tamandua tetradactyla,Tamandua Mirim,,Campo Grande,MS,pele,Etanol,Desbiez A.,Barragen C,,,,,,,,,,,
RK599,ATR-0883,-,,-,EAD,,-,,3/27/2018,Tamandua ,Tamandua tetradactyla,Tamandua Mirim,,Campo Grande,MS,pele,Etanol,Desbiez A.,Barragen C,,,,,,,,,,,
RK600,ATR-0884,-,,-,EAD,,-,,3/27/2018,Myrmecophaga ,Myrmecophaga tridactyla,Tamandua-bandeira,,Campo Grande,MS,pele,Etanol,Desbiez A.,Barragen C,,,,,,,,,,,
RK601,ATR-0885,-,,-,EAD,,-,,3/27/2018,Tamandua ,Tamandua tetradactyla,Tamandua Mirim,,Campo Grande,MS,pele,Etanol,Desbiez A.,Barragen C,,,,,,,,,,,
RK602,ATR-0886,-,,-,EID,,-,,3/27/2018,Tamandua ,Tamandua tetradactyla,Tamandua Mirim,,Campo Grande,MS,pele,Etanol,Desbiez A.,Barragen C,,,,,,,,,,,
RK603,ATR-0887,-,,-,EAD,,-,,3/27/2018,Myrmecophaga ,Myrmecophaga tridactyla,Tamandua-bandeira,,Campo Grande,MS,pele,Etanol,Desbiez A.,Barragen C,,,,,,,,,,,
RK604,ATR-0888,NEC65,M,F,,-,,3/28/2018,Myrmecophaga ,Myrmecophaga tridactyla,Tamandua-bandeira,,Campo Grande,MS,pele,Etanol,Desbiez A.,Barragen C,,,,,,,,,,,,
RK605,ATR-0889,-,,-,V,,-,,3/28/2018,Myrmecophaga ,Myrmecophaga tridactyla,Tamandua-bandeira,,Campo Grande,MS,pele,Etanol,Desbiez A.,Barragen C,,,,,,,,,,,
RK606,ATR-0890,-,,F,F,,-,,3/28/2018,Tamandua ,Tamandua tetradactyla,Tamandua Mirim,,Campo Grande,MS,pele,Etanol,Desbiez A.,Barragen C,,,,,,,,,,,
RK607,ATR-0891,-,,M,EAD,,-,,04/01/18,Tamandua ,Tamandua tetradactyla,Tamandua Mirim,,Campo Grande,MS,pele,Etanol,Desbiez A.,Barragen C,,,,,,,,,,,
RK611,ATR-0892,-,,-,EAD,,-,,04/02/18,Myrmecophaga ,Myrmecophaga tridactyla,Tamandua-bandeira,,Campo Grande,MS,pele,Etanol,Desbiez A.,Barragen C,,,,,,,,,,,
RK614,ATR-0893,-,,-,EAD,,-,,04/02/18,Myrmecophaga ,Myrmecophaga tridactyla,Tamandua-bandeira,,Campo Grande,MS,pele,Etanol,Desbiez A.,Barragen C,,,,,,,,,,,
RK618,ATR-0894,NEC66,M,F,,-,,04/06/18,Myrmecophaga ,Myrmecophaga tridactyla,Tamandua-bandeira,,Campo Grande,MS,pele,Etanol,Desbiez A.,Barragen C,,,,,,,,,,,,
RK619,ATR-0895,NEC67,M,F,,-,,04/09/18,Myrmecophaga ,Myrmecophaga tridactyla,Tamandua-bandeira,,Campo Grande,MS,pele,Etanol,Desbiez A.,Barragen C,,,,,,,,,,,,
RK620,ATR-0896,NEC68,M,F,,-,,04/09/18,Tamandua ,Tamandua tetradactyla,Tamandua Mirim,,Campo Grande,MS,pele,Etanol,Desbiez A.,Barragen C,,,,,,,,,,,,
RK621,ATR-0897,-,,-,EAD,,-,,04/10/18,Myrmecophaga ,Myrmecophaga tridactyla,Tamandua-bandeira,,Campo Grande,MS,pele,Etanol,Desbiez A.,Barragen C,,,,,,,,,,,
RK623,ATR-0898,-,,-,V,,-,,04/10/18,Tamandua ,Tamandua tetradactyla,Tamandua Mirim,,Campo Grande,MS,pele,Etanol,Desbiez A.,Barragen C,,,,,,,,,,,
RK624,ATR-0899,-,,-,V,,-,,04/10/18,Tamandua ,Tamandua tetradactyla,Tamandua Mirim,,Campo Grande,MS,pele,Etanol,Desbiez A.,Barragen C,,,,,,,,,,,
RK625,ATR-0900,-,,-,F,,-,,04/11/18,Tamandua ,Tamandua tetradactyla,Tamandua Mirim,,Campo Grande,MS,pele,Etanol,Desbiez A.,Barragen C,,,,,,,,,,,
RK627,ATR-0901,-,,M,EAD,,-,,04/11/18,Tamandua ,Tamandua tetradactyla,Tamandua Mirim,,Campo Grande,MS,pele,Etanol,Desbiez A.,Barragen C,,,,,,,,,,,
RK628,ATR-0902,-,,-,V,,-,,04/11/18,Myrmecophaga ,Myrmecophaga tridactyla,Tamandua-bandeira,,Campo Grande,MS,pele,Etanol,Desbiez A.,Barragen C,,,,,,,,,,,
